No,공원명,위도,경도,경도,지번주소,도로명주소
1,사적공원,35.28044551,128.4064658,,경상남도 함안군 가야읍 도항리 173-6,경상남도 함안군 가야읍 도항1길 46-8
2,대치공원,35.36343159,128.4889492,,경상남도 함안군 칠서면 대치리 347,경상남도 함안군 칠서면 향촌길 20
3,은대근린공원,38.02808738,127.0649757,,경기도 연천군 전곡읍 은대리 573,경기도 연천군 전곡읍 은전로 47
4,고문리공원,38.0623778,127.1289227,,경기도 연천군 연천읍 고문리 898-1,경기도 연천군 연천읍 현문로508번길 211
5,휴먼시아 어린이공원(전곡5호),38.01663841,127.0712016,,경기도 연천군 전곡읍 전곡리 704,경기도 연천군 전곡읍 전곡로 31
6,대왕암공원,35.49041849,129.435245,,울산광역시 동구 일산동 901-8,울산광역시 동구 등대로 95
7,공원,34.31054271,126.7605729,,전라남도 완도군 완도읍 군내리 427-4,전라남도 완도군 완도읍 중앙길 68
8,척치공원,34.36128831,127.0275619,,전라남도 완도군 금일읍 척치리 786-1,전라남도 완도군 금일읍 척치26번길 8-3
9,공원,34.32723562,126.741971,,전라남도 완도군 완도읍 가용리 646-4,전라남도 완도군 완도읍 신기길 56-23
10,가용제3공원,34.32008131,126.742965,,전라남도 완도군 완도읍 가용리 1067-7,전라남도 완도군 완도읍 개포로135번길 16-83
11,화전공원,34.34968483,127.0291742,,전라남도 완도군 금일읍 화목리 154-1,전라남도 완도군 금일읍 감목길 8
12,공원,34.38968667,126.6484869,,전라남도 완도군 군외면 원동리 200-11,전라남도 완도군 군외면 원동1길 53-6
13,군내공원,34.31619021,126.7458875,,전라남도 완도군 완도읍 군내리 1253,전라남도 완도군 완도읍 개포로 59
14,동망공원,34.31335137,126.7654168,,전라남도 완도군 완도읍 군내리 266-1,전라남도 완도군 완도읍 장보고대로 330-3
15,금일공원,34.35172874,127.0365806,,전라남도 완도군 금일읍 신구리 979,전라남도 완도군 금일읍 금일로 467
16,구동공원,34.352471,127.0354375,,전라남도 완도군 금일읍 신구리 942,전라남도 완도군 금일읍 구동2길 4
17,노화공원,34.17883346,126.5715833,,전라남도 완도군 노화읍 이포리 674,전라남도 완도군 노화읍 이목25번길 49-13
18,공원,34.3845476,126.6557558,,전라남도 완도군 군외면 원동리 275,전라남도 완도군 군외면 완도로 334
19,달도지구농어촌테마공원,34.39413905,126.6386884,,전라남도 완도군 군외면 원동리 469,전라남도 완도군 군외면 청해진로 142
20,공원,34.309605,126.7543374,,전라남도 완도군 완도읍 군내리 614-3,전라남도 완도군 완도읍 청해진남로59번길 10-3
21,공원,34.31146057,126.7561213,,전라남도 완도군 완도읍 군내리 756-2,전라남도 완도군 완도읍 청해진남로35번길 14-7
22,공원,34.31079346,126.7590803,,전라남도 완도군 완도읍 군내리 415-6,전라남도 완도군 완도읍 군내길 35-5
23,소공원24,34.95208929,127.487072,,전라남도 순천시 장천동 229-8,전라남도 순천시 장명3길 2-5
24,제18수변공원,34.94336357,127.4995915,,전라남도 순천시 풍덕동 852,전라남도 순천시 하풍길 67
25,제20수변공원,34.94788011,127.4928185,,전라남도 순천시 풍덕동 924-11,전라남도 순천시 강남로 19
26,소공원4,34.97012226,127.4866225,,전라남도 순천시 석현동 142-12,전라남도 순천시 환선로 166-4
27,소공원5,34.9710586,127.4772643,,전라남도 순천시 석현동 267,전라남도 순천시 석현안길 14-10
28,소공원6,34.9717965,127.4943371,,전라남도 순천시 용당동 380-5,전라남도 순천시 업동1길 15
29,소공원7,34.97327336,127.4839429,,전라남도 순천시 가곡동 398-5,전라남도 순천시 신용길 23
30,가곡7공원,34.98292048,127.4851474,,전라남도 순천시 가곡동 243-3,전라남도 순천시 고지4길 11-10
31,가곡8공원,34.98478771,127.4834455,,전라남도 순천시 가곡동 259-1,전라남도 순천시 고지6길 20-9
32,78공원,34.93159447,127.5732417,,전라남도 순천시 해룡면 신대리 1545-55,전라남도 순천시 해룡면 큰산두길 15
33,장대공원(B지구),34.95161489,127.4956084,,전라남도 순천시 조곡동 263-231,전라남도 순천시 율전2길 148
34,제3수변공원,34.95420238,127.5006877,,전라남도 순천시 조곡동 34,전라남도 순천시 자경1길 62-4
35,제4수변공원,34.95417415,127.501041,,전라남도 순천시 조곡동 37,전라남도 순천시 자경1길 62-16
36,제7수변공원,34.9697265,127.4899971,,전라남도 순천시 용당동 535-7,전라남도 순천시 용당신흥길 30
37,제8수변공원,34.9609741,127.4878109,,전라남도 순천시 동외동 215-1,전라남도 순천시 환선로 62-6
38,제10수변공원,34.9530271,127.4893542,,전라남도 순천시 동외동 65-3,전라남도 순천시 성동3길 9
39,제11수변공원,34.95278111,127.490788,,전라남도 순천시 동외동 56-55,전라남도 순천시 성동3길 2
40,제12수변공원,34.9518101,127.4901489,,전라남도 순천시 장천동 5-17,전라남도 순천시 강남로 70
41,제13수변공원,34.94992556,127.4925232,,전라남도 순천시 장천동 339,전라남도 순천시 성동교길 68
42,제15수변공원,34.9490283,127.4879472,,전라남도 순천시 장천동 87-1,전라남도 순천시 중앙1길 18
43,제16수변공원,34.94800499,127.4975616,,전라남도 순천시 조곡동 150,전라남도 순천시 역전2길 50
44,제17수변공원,34.94514679,127.49609,,전라남도 순천시 풍덕동 1264,전라남도 순천시 장평로 60
45,가곡5공원,34.9869137,127.4870894,,전라남도 순천시 가곡동 67-7,전라남도 순천시 원가곡3길 24-50
46,가곡6공원,34.9851056,127.4864674,,전라남도 순천시 가곡동 136-2,전라남도 순천시 원가곡1길 12-18
47,인안1공원,34.88741611,127.4961547,,전라남도 순천시 안풍동 288-2,전라남도 순천시 순천만길 617-4
48,매곡공원,34.9661463,127.480051,,전라남도 순천시 매곡동 403-6,전라남도 순천시 북정4길 55
49,19공원,34.91383047,127.5593281,,전라남도 순천시 해룡면 선월리 산 53-7,전라남도 순천시 해룡면 정채봉길 171
50,신월공원,34.95810919,127.5378026,,전라남도 순천시 조례동 산 57-1,전라남도 순천시 비례골길 28
51,내동공원,35.01590957,127.388269,,전라남도 순천시 승주읍 서평리 산 46,전라남도 순천시 승주읍 서평내동1길 26
52,승평공원,35.01837664,127.3765351,,전라남도 순천시 승주읍 평중리 41-3,전라남도 순천시 승주읍 승평동길 46
53,동내공원,34.90457841,127.3438555,,전라남도 순천시 낙안면 동내리 265-26,전라남도 순천시 낙안면 삼일로 71
54,버들공원,37.5957395,126.6366222,,인천광역시 서구 오류동 1775,인천광역시 서구 봉화로 29
55,불로5호소공원,37.6144637,126.6884918,,인천광역시 서구 불로동 831,인천광역시 서구 검단로744번1길 50
56,대촌공원,37.5953857,126.6336177,,인천광역시 서구 오류동 1722-11,인천광역시 서구 단봉로153번길 29
57,소염도공원,37.4862675,126.6664339,,인천광역시 서구 가좌동 585-55,인천광역시 서구 염곡로14번길 23
58,당하지구2호 어린이공원,37.5948943,126.6776419,,인천광역시 서구 마전동 1062-1,인천광역시 서구 원당대로685번3길 4
59,당하지구3호 어린이공원,37.5907968,126.6786075,,인천광역시 서구 당하동 1099-4,인천광역시 서구 청마로148번길 15
60,당하지구4호 어린이공원,37.589173,126.6779557,,인천광역시 서구 당하동 1112-1,인천광역시 서구 청마로134번길 10-5
61,당하지구5호 어린이공원,37.5930198,126.6734308,,인천광역시 서구 당하동 1077-10,인천광역시 서구 원당대로 650
62,당하지구6호 어린이공원,37.5911071,126.6700029,,인천광역시 서구 당하동 1075-21,인천광역시 서구 청마로 38
63,당하지구7호 어린이공원,37.5889434,126.6710222,,인천광역시 서구 당하동 1087-1,인천광역시 서구 청마로 58
64,마전지구2호 어린이공원,37.6111548,126.6653734,,인천광역시 서구 마전동 198-1,인천광역시 서구 검단로623번길 48-1
65,마전지구3호 어린이공원,37.611397,126.662364,,인천광역시 서구 마전동 127-2,인천광역시 서구 가현로 87
66,마전지구4호 어린이공원,37.6132753,126.6607064,,인천광역시 서구 마전동 100-9,인천광역시 서구 마전로5번길 25
67,마전지구5호 어린이공원,37.613458,126.6580456,,인천광역시 서구 마전동 산 74-1,인천광역시 서구 가현로 41
68,마전지구6호 어린이공원,37.6140487,126.6552669,,인천광역시 서구 마전동 75-1,인천광역시 서구 가현로 6-6
69,밭고잔공원,37.5967247,126.6266651,,인천광역시 서구 오류동 1751-6,인천광역시 서구 검단로 167-16
70,봉화공원,37.5986898,126.6369593,,인천광역시 서구 오류동 1766,인천광역시 서구 봉화로85번길 35
71,신석체육공원,37.5075811,126.6653466,,인천광역시 서구 석남동 222,인천광역시 서구 길주로 39
72,원당지구 5호 어린이공원,37.5903037,126.7011863,,인천광역시 서구 당하동 1041,인천광역시 서구 고산후로78번길 26
73,진주체육공원,37.4913746,126.6809571,,인천광역시 서구 가좌동 30-130,인천광역시 서구 원적로 46
74,당하어린이공원,37.5842079,126.6791439,,인천광역시 서구 당하동 1067-4,인천광역시 서구 독정로 32
75,감중공원,37.4928388,126.6738439,,인천광역시 서구 가좌동 157,인천광역시 서구 가정로98번길 18
76,청라1호공원,37.5316546,126.6033661,,인천광역시 서구 청라동 11-29,인천광역시 서구 로봇랜드로249번길 114-9
77,경서근린공원,37.5566388,126.6687691,,인천광역시 서구 경서동 996,인천광역시 서구 도요지로 179
78,반월공원(나),37.5944608,126.6169703,,인천광역시 서구 오류동 1656-4,인천광역시 서구 보듬8로 30
79,한들방죽공원(라),37.5904312,126.621691,,인천광역시 서구 오류동 1665-2,인천광역시 서구 원당대로205번길 34
80,백석공원(마),37.5898361,126.621691,,인천광역시 서구 오류동 1693-1,인천광역시 서구 도담8로 12
81,검암소공원,37.5597432,126.6753942,,인천광역시 서구 검암동 636-6,인천광역시 서구 승학로506번길 65-59
82,경서1공원(아라뱃길 물류단지),37.5616568,126.618762,,인천광역시 서구 오류동 1579-1,인천광역시 서구 정서진5로 37
83,경서2공원(아라뱃길 물류단지),37.5662322,126.6102433,,인천광역시 서구 오류동 1545-4,인천광역시 서구 갑문4로 46
84,불로4호소공원,37.5249078,126.6306565,,인천광역시 서구 청라동 105-68,인천광역시 서구 푸른로7번길 10
85,쑥공원(경서3호),37.5567579,126.6535449,,인천광역시 서구 경서동 745,인천광역시 서구 경서로 53
86,중동공원,37.5648375,126.677202,,인천광역시 서구 검암동 613-5,인천광역시 서구 서곶로 527
87,빈정공원,37.5555416,126.6720414,,인천광역시 서구 검암동 681,인천광역시 서구 도요지로202번길 28-3
88,검단2지구 1호근린공원,37.5961609,126.6633081,,인천광역시 서구 마전동 산 164,인천광역시 서구 완정로65번안길 40
89,검단2지구 2호근린공원,37.6031823,126.6640592,,인천광역시 서구 마전동 994,인천광역시 서구 완정로156번안길 35
90,검단1지구 금곡공원,37.6053795,126.6554385,,인천광역시 서구 금곡동 727-8,인천광역시 서구 완정로188번2길 12
91,검단1지구 1호 어린이공원,37.6051075,126.6574502,,인천광역시 서구 마전동 907,인천광역시 서구 완정로188번길 26
92,검단1지구 5호 어린이공원,37.6059872,126.6578525,,인천광역시 서구 마전동 906,인천광역시 서구 완정로188번길 39
93,검단1지구 6호 어린이공원,37.604402,126.6605186,,인천광역시 서구 마전동 1051,인천광역시 서구 검단로511번길 13
94,석남공원,37.5008657,126.6778028,,인천광역시 서구 석남동 560-5,인천광역시 서구 서달로 25
95,종다리공원,37.6013887,126.6541296,,인천광역시 서구 왕길동 641-13,인천광역시 서구 검단로 449
96,왕길새싹공원,37.602855,126.651206,,인천광역시 서구 왕길동 634-2,인천광역시 서구 봉수대로1440번길 19
97,검단2지구 1호 어린이공원,37.5974318,126.6688228,,인천광역시 서구 마전동 999-6,인천광역시 서구 완정로64번길 12
98,검단2지구 2호 어린이공원,37.5952429,126.6693753,,인천광역시 서구 마전동 1106,인천광역시 서구 완정로45번길 3-2
99,검단2지구 3호 어린이공원,37.5958847,126.6732323,,인천광역시 서구 마전동 1007-11,인천광역시 서구 완정로10번길 15
100,금호공원(오류지구 어린이공원),37.5972915,126.6412497,,,인천광역시 서구 단봉로 97
101,불로지구1호 어린이공원,37.6141889,126.6819549,,인천광역시 서구 불로동 766-1,인천광역시 서구 검단로755번길 21
102,불로지구2호 어린이공원,37.6137045,126.6842508,,인천광역시 서구 불로동 773-8,인천광역시 서구 검단로763번안길 5
103,불로지구3호 어린이공원,37.6120302,126.6853666,,인천광역시 서구 불로동 785-10,인천광역시 서구 검단로744번1길 16
104,불로지구4호 어린이공원,37.6105344,126.6858816,,인천광역시 서구 불로동 793-2,인천광역시 서구 검단로744번3길 14
105,불로지구5호 어린이공원,37.6122937,126.6895831,,인천광역시 서구 불로동 803-4,인천광역시 서구 검단로744번3길 46
106,원당지구 1호공원,37.5955489,126.6917825,,인천광역시 서구 원당동 811-2,인천광역시 서구 원당대로839번안길 27
107,원당지구 2호공원,37.5939167,126.698606,,인천광역시 서구 원당동 824-11,인천광역시 서구 고산후로121번길 7
108,원당지구 3호공원,37.5979036,126.7023611,,인천광역시 서구 원당동 849,인천광역시 서구 고산로40번2길 9
109,원당지구 4호 어린이공원,37.5994847,126.6981125,,인천광역시 서구 원당동 805-3,인천광역시 서구 고산후로161번안길 14
110,당하지구 1호공원,37.5913833,126.6737366,,인천광역시 서구 당하동 1097-1,인천광역시 서구 서곶로 840
111,용두공원,37.541132,126.6716766,,인천광역시 서구 심곡동 343-1,인천광역시 서구 심곡로24번길 14
112,갈매공원,37.5527008,126.6847658,,인천광역시 서구 공촌동 304,인천광역시 서구 경명대로683번길 6-7
113,길쌈공원,37.5479246,126.6760004,,인천광역시 서구 연희동 688-6,인천광역시 서구 대평로8번길 8
114,녹성공원,37.5431057,126.6743159,,인천광역시 서구 심곡동 272,인천광역시 서구 승학로236번길 20
115,월촌공원,37.5507274,126.6812468,,인천광역시 서구 연희동 698,인천광역시 서구 간촌로39번길 15-1
116,주자공원,37.5503191,126.6759574,,인천광역시 서구 연희동 685,인천광역시 서구 연희로8번길 11
117,새말공원,37.5413277,126.6754746,,인천광역시 서구 심곡동 260,인천광역시 서구 심곡로56번길 12-1
118,갈마공원,37.5466231,126.6735971,,인천광역시 서구 심곡동 238-5,인천광역시 서구 탁옥로33번길 26
119,간촌공원,37.5493919,126.6785431,,인천광역시 서구 연희동 707,인천광역시 서구 간촌로 13
120,공촌공원,37.5510761,126.6843152,,인천광역시 서구 공촌동 313,인천광역시 서구 경명대로680번길 9
121,절골공원,37.5426548,126.682502,,인천광역시 서구 심곡동 318,인천광역시 서구 심곡로100번길 17-5
122,군도공원,37.5449856,126.6708612,,인천광역시 서구 심곡동 330-3,인천광역시 서구 용두산로 17
123,주마공원,37.5432333,126.6714835,,인천광역시 서구 심곡동 336-2,인천광역시 서구 승학로235번길 9
124,모통공원,37.5422294,126.6789722,,인천광역시 서구 심곡동 301-3,인천광역시 서구 심곡로 83
125,계명공원,37.5499108,126.6721058,,인천광역시 서구 연희동 735-2,인천광역시 서구 연희로42번길 6-1
126,대평공원,37.5491623,126.6702175,,인천광역시 서구 연희동 733-3,인천광역시 서구 승학로333번길 33-15
127,샘내공원,37.5412256,126.6731465,,인천광역시 서구 심곡동 258-6,인천광역시 서구 승학로 212
128,서인공원,37.522729,126.6864181,,인천광역시 서구 가정동 545,인천광역시 부평구 서달로298번길 6
129,상동공원,37.5667934,126.6776419,,인천광역시 서구 검암동 496,인천광역시 서구 검암로39번길 28
130,서부산단공원,37.5554991,126.6396832,,인천광역시 서구 경서동 678,인천광역시 서구 사렴로 71
131,장모루공원,37.5677459,126.6757858,,인천광역시 서구 검암동 594-2,인천광역시 서구 도요지로189번길 141
132,검바위공원,37.5626391,126.6755015,,인천광역시 서구 검암동 619-5,인천광역시 서구 승학로506번길 33
133,삽지공원,37.5674993,126.6811448,,인천광역시 서구 검암동 504-1,인천광역시 서구 검암로30번길 3-7
134,아랫말공원(경서4호),37.5557117,126.6560555,,인천광역시 서구 경서동 760,인천광역시 서구 경서로32번길 18
135,과기공원,37.5580889,126.674965,,인천광역시 서구 검암동 657-2,인천광역시 서구 승학로402번길 13-7
136,간재울공원,37.5641061,126.6745734,,인천광역시 서구 검암동 607-2,인천광역시 서구 승학로472번길 9
137,넘말공원(경서2호),37.5576935,126.6557765,,인천광역시 서구 경서동 739,인천광역시 서구 경서로14번길 61
138,진포공원(경서1호),37.5606277,126.651839,,인천광역시 서구 경서동 719-1,인천광역시 서구 도요지로 15
139,허암공원,37.5650713,126.6837949,,인천광역시 서구 검암동 534-3,인천광역시 서구 검암로10번길 26
140,원신공원,37.5154788,126.6631365,,인천광역시 서구 신현동 산 33,인천광역시 서구 율도로15번길 26-8
141,신촌공원,37.5079641,126.6697133,,인천광역시 서구 석남동 521-1,인천광역시 서구 염곡로260번길 14
142,석남체육공원,37.5103556,126.675024,,인천광역시 서구 석남동 483,인천광역시 서구 가남로 319
143,서곶공원,37.5466529,126.6804314,,인천광역시 서구 심곡동 산 15-2,인천광역시 서구 서곶로314번길 16
144,건지공원,37.493622,126.6792083,,인천광역시 서구 가좌동 198-11,인천광역시 서구 건지로334번길 47
145,한신공원,37.4846322,126.6873944,,인천광역시 서구 가좌동 408-12,인천광역시 서구 여우재로75번길 12
146,장고개공원,37.4904297,126.6876411,,인천광역시 서구 가좌동 307,인천광역시 서구 여우재로 130-13
147,인천교공원,37.4771783,126.6715157,,인천광역시 동구 송림동 319,인천광역시 동구 방축로 249
148,심곡공원,37.5443051,126.6807747,,인천광역시 서구 심곡동 312,인천광역시 서구 탁옥로97번길 12
149,탁옥공원,37.5449856,126.6833389,,인천광역시 서구 심곡동 290-5,인천광역시 서구 심곡로132번길 12
150,백설,37.4762359,126.9535123,,서울특별시 관악구 봉천동 1606-11,서울특별시 관악구 관악로6길 50
151,울산대공원,35.53098401,129.2939177,,울산광역시 남구 옥동 146-1,울산광역시 남구 대공원로 103
152,배실,35.86047099,128.5011242,,대구광역시 달서구 이곡동 1165,대구광역시 달서구 선원로23길 152
153,수밭,35.7988027,128.5482878,,대구광역시 달서구 도원동 898-1,대구광역시 달서구 월곡로 6
154,와룡(위),35.85778812,128.5007081,,대구광역시 달서구 이곡동 1189,대구광역시 달서구 성서서로 360-1
155,용산근린,35.85598189,128.5285095,,대구광역시 달서구 용산동 949,대구광역시 달서구 용산로 205
156,월곡,35.81912401,128.5451632,,대구광역시 달서구 상인동 884-1,대구광역시 달서구 상인로 134-9
157,월명,35.8281201,128.5288887,,대구광역시 달서구 월성동 87,대구광역시 달서구 월곡로 410
158,월배,35.81283464,128.5367433,,대구광역시 달서구 상인동 1477,대구광역시 달서구 상원로 32
159,월촌,35.81277938,128.5489485,,대구광역시 달서구 상인동 1559,대구광역시 달서구 상인로 68-4
160,이곡생수,35.85443771,128.5147112,,대구광역시 달서구 이곡동 1301-2,대구광역시 달서구 이곡공원로 54
161,월배체육공원,35.80160097,128.5364959,,대구광역시 달서구 도원동 1473,대구광역시 달서구 갈밭남로 76
162,창공,35.83192291,128.5331421,,대구광역시 달서구 월성동 270,대구광역시 달서구 월성로 20
163,채정,35.80967377,128.5500446,,대구광역시 달서구 상인동 1581-1,대구광역시 달서구 월곡로26안길 27
164,춘추,35.8551821,128.5360883,,대구광역시 달서구 죽전동 376-4,대구광역시 달서구 와룡로49길 18-17
165,치영,35.82446957,128.5528916,,대구광역시 달서구 송현동 1966-5,대구광역시 달서구 송현로2길 99-25
166,토끼와거북이,35.83303864,128.5520654,,대구광역시 달서구 송현동 950,대구광역시 달서구 학산로50길 18-6
167,신당,35.85842521,128.498908,,대구광역시 달서구 신당동 1759,대구광역시 달서구 성서서로75길 17-7
168,애화,35.83298462,128.534104,,대구광역시 달서구 본동 616-4,대구광역시 달서구 구마로12길 93
169,월성,35.82361602,128.522207,,대구광역시 달서구 월성동 1431,대구광역시 달서구 조암로14길 3
170,윗한실1,35.79398929,128.5303102,,대구광역시 달서구 대곡동 854,대구광역시 달서구 한실로6길 155-15
171,사령봉,35.85292679,128.5032909,,대구광역시 달서구 이곡동 1155,대구광역시 달서구 달구벌대로245길 17-12
172,새동네,35.85703549,128.5225599,,대구광역시 달서구 용산동 459-1,대구광역시 달서구 성지로16길 45
173,돌산,35.85741103,128.4935096,,대구광역시 달서구 신당동 1706-9,대구광역시 달서구 서당로9길 40-28
174,목련,35.8557268,128.508302,,대구광역시 달서구 이곡동 1230-1,대구광역시 달서구 이곡공원로1길 7
175,미성,35.83192291,128.5331421,,대구광역시 달서구 월성동 270,대구광역시 달서구 월성로 20
176,병풍바위,35.8614499,128.5209723,,대구광역시 달서구 용산동 517,대구광역시 달서구 새방로 23-16
177,구암,35.82668111,128.5462775,,대구광역시 달서구 송현동 2045,대구광역시 달서구 월배로67안길 14
178,궁전,35.8426368,128.5350292,,대구광역시 달서구 장기동 845,대구광역시 달서구 용산로12길 86
179,능금,35.85950078,128.5709285,,대구광역시 달서구 두류동 1213,대구광역시 달서구 명덕로2길 57
180,달서1,35.8534133,128.5716708,,대구광역시 달서구 두류동 812-1,대구광역시 달서구 성당로47길 41
181,호산,35.84898659,128.4839363,,대구광역시 달서구 호산동 357-60,대구광역시 달서구 달서대로109길 70
182,소공원,35.8109975,128.5241605,,대구광역시 달서구 진천동 808-96,대구광역시 달서구 상화로21길 59
183,월곡공원,35.81912401,128.5451632,,대구광역시 달서구 상인동 884-1,대구광역시 달서구 상인로 134-9
184,월광1수변공원,35.7988027,128.5482878,,대구광역시 달서구 도원동 898-1,대구광역시 달서구 월곡로 6
185,월광2수변공원,35.8062601,128.5435924,,대구광역시 달서구 도원동 1454,대구광역시 달서구 미리샘길 26
186,서림공원,35.7329193,126.731487,,전라북도 부안군 부안읍 서외리 산 1-1,전라북도 부안군 부안읍 동헌길 19-1
187,수양공원,35.08472234,128.0939925,,경상남도 사천시 사천읍 정의리 172,경상남도 사천시 사천읍 수양로 80-83
188,초전공원,35.06113217,128.0620506,,경상남도 사천시 사남면 방지리 652,경상남도 사천시 사남면 외국기업로 107
189,망산공원,34.93105233,128.0731063,,경상남도 사천시 선구동 26-1,경상남도 사천시 선구2길 50
190,예양공원,34.676645,126.898264,,전라남도 장흥군 장흥읍 남동리 60,전라남도 장흥군 장흥읍 읍성로 104
191,심천공원,34.75220793,126.8936596,,전라남도 장흥군 부산면 지천리 산 154-1,전라남도 장흥군 부산면 심천공원길 25-45
192,연곡공원,35.7104481,126.7348038,,전라북도 부안군 부안읍 연곡리 산 35-1,전라북도 부안군 부안읍 석동길 68-9
193,찬누리공원,35.9767881,127.1172001,,전라북도 완주군 봉동읍 장구리 600,전라북도 완주군 봉동읍 우동로 122
194,울산대공원,35.53098401,129.2939177,,울산광역시 남구 옥동 146-1,울산광역시 남구 대공원로 103
195,제1호근린공원,35.6815594,126.5356747,,전라북도 부안군 변산면 대항리 614,전라북도 부안군 변산면 방포길 8
196,제2호근린공원,35.6803815,126.5313881,,전라북도 부안군 변산면 대항리 634,전라북도 부안군 변산면 변산로 2086
197,범산공원,35.5922462,126.6145055,,전라북도 부안군 진서면 곰소리 산 1,전라북도 부안군 진서면 곰소윗길 77-22
198,백련공원,35.7147319,126.6001006,,전라북도 부안군 하서면 백련리 1229,전라북도 부안군 하서면 월포길 75
199,진서공원,35.5903398,126.6142537,,전라북도 부안군 진서면 곰소리 883,전라북도 부안군 진서면 곰소8길 23-9
200,매창공원,35.7209372,126.7282973,,전라북도 부안군 부안읍 서외리 455-84,전라북도 부안군 부안읍 매창1길 25
201,부안공원,35.7310821,126.7342023,,전라북도 부안군 부안읍 동중리 239-2,전라북도 부안군 부안읍 군청길 1-9
202,제3농공단지,35.7380051,126.7276523,,전라북도 부안군 행안면 역리 123-3,전라북도 부안군 행안면 화천3길 76
203,진동공원,35.7106099,126.7182405,,전라북도 부안군 행안면 진동리 산 35-1,전라북도 부안군 행안면 남산길 44-4
204,재장공원,35.7561616,126.7059579,,전라북도 부안군 동진면 당상리 산 2,전라북도 부안군 동진면 간재로 289
205,용계공원,35.7468787,126.6951309,,전라북도 부안군 동진면 당상리 883-8,전라북도 부안군 동진면 용주동길 9-3
206,덕화공원,35.7583693,126.7064186,,전라북도 부안군 동진면 증산리 504-15,전라북도 부안군 동진면 간재로 289
207,봉황공원,35.7494981,126.7366991,,전라북도 부안군 동진면 봉황리 357-2,전라북도 부안군 동진면 동진로 81-8
208,수문공원,35.7661863,126.6973402,,전라북도 부안군 계화면 창북리 336-4,전라북도 부안군 계화면 신창길 36-6
209,화상공원,35.7618901,126.7014376,,전라북도 부안군 계화면 창북리 410,전라북도 부안군 계화면 화상길 9-1
210,중앙공원,35.7605095,126.698533,,전라북도 부안군 계화면 창북리 484,전라북도 부안군 계화면 창북2길 15-1
211,염창공원,35.7620888,126.6919135,,전라북도 부안군 계화면 창북리 산 44-1,전라북도 부안군 계화면 창북길 108
212,계화공원,35.7916062,126.632929,,전라북도 부안군 계화면 계화리 산 67,
213,계상공원,35.7923564,126.640665,,전라북도 부안군 계화면 계화리 산 15-1,전라북도 부안군 계화면 계화로 551-1
214,동돈공원,35.7539747,126.6397581,,전라북도 부안군 계화면 의복리 109-2,전라북도 부안군 계화면 동돈길 33
215,돈지공원,35.7543065,126.647679,,전라북도 부안군 계화면 의복리 3-2,전라북도 부안군 계화면 돈지3길 45-14
216,의복공원,35.7456296,126.6446838,,전라북도 부안군 계화면 의복리 산 8-1,전라북도 부안군 계화면 의복로 78-91
217,상서공원,35.6914416,126.6789133,,전라북도 부안군 상서면 용서리 213-6,전라북도 부안군 상서면 부안로 2055-14
218,백산공원,35.719531,126.8065894,,전라북도 부안군 백산면 용계리 산 9,전라북도 부안군 백산면 백산로 581-34
219,오곡공원,35.7149915,126.8017303,,전라북도 부안군 백산면 오곡리 1064-1,전라북도 부안군 백산면 백산로 521
220,줄포공원,35.593708,126.6752466,,전라북도 부안군 줄포면 줄포리 854-1,전라북도 부안군 줄포면 줄포용서길 12
221,부안자연생태공원,35.5809023,126.6689405,,전라북도 부안군 줄포면 우포리 516-1,
222,원장공원,35.5940116,126.6834614,,전라북도 부안군 줄포면 장동리 406-41,전라북도 부안군 줄포면 금동길 69-3
223,온천공원,37.2802657,127.4503713,,경기도 이천시 창전동 460-18,경기도 이천시 애련정로 110-2
224,수변공원,37.2681203,127.4605268,,경기도 이천시 진리동 142,경기도 이천시 경충대로2422번길 17
225,새누공원,35.7300558,127.1244643,,전라북도 완주군 구이면 원기리 436,전라북도 완주군 구이면 모악호수로 41-18
226,우주공원,35.9706822,127.1120616,,전라북도 완주군 봉동읍 장구리 602,전라북도 완주군 봉동읍 테크노밸리로 505
227,8호 어린이공원(서정동),37.0513085,127.044442,,경기도 평택시 고덕면 여염리 4313-2,경기도 평택시 고덕면 고덕국제대로 152
228,9호 어린이공원(서정동),37.06299865,127.0499088,,경기도 평택시 고덕면 여염리 4156-9,경기도 평택시 고덕면 고덕갈평10길 28
229,서재초 어린이공원(동삭2지구),37.01824861,127.1039663,,경기도 평택시 동삭동 856,경기도 평택시 상서재로6길 19
230,37호 어린이공원(장당동),37.04953879,127.0444185,,경기도 평택시 고덕면 여염리 4314-2,경기도 평택시 고덕면 고덕국제2로 73
231,38호 어린이공원(서정동),37.0513085,127.044442,,경기도 평택시 고덕면 여염리 4313-2,경기도 평택시 고덕면 고덕국제대로 152
232,39호 어린이공원(서정동),37.06366607,127.0484161,,경기도 평택시 고덕면 여염리 4150-8,경기도 평택시 고덕면 고덕갈평10길 167
233,기린공원,35.82134,127.164199,,전라북도 전주시 완산구 중노송동 산 11-1,전라북도 전주시 완산구 견훤로 100-139
234,화산공원,35.818987,127.1297,,전라북도 전주시 완산구 중화산동2가 산 101,전라북도 전주시 완산구 중화산동2가 어은로 64
235,중앙공원,35.81533,127.150193,,전라북도 전주시 완산구 풍남동3가 102,전라북도 전주시 완산구 풍남동3가 태조로 44
236,산성공원,35.804619,127.159416,,전라북도 전주시 완산구 동서학동 산 152-6,전라북도 전주시 완산구 남고산성1길 21-12
237,태평문화공원,35.8247,127.13735,,전라북도 전주시 완산구 태평동 293,전라북도 전주시 완산구 태진로 44-3
238,효자묘지공원,35.8271309,127.0893455,,전라북도 전주시 완산구 효자동3가 산 145-1,전라북도 전주시 완산구 효자동3가 콩쥐팥쥐로 1705-152
239,도악산도립공원,35.7557241,127.086597,,전라북도 전주시 완산구 중인동 1230,전라북도 전주시 완산구 중인1길 257-35
240,연곡공원,35.7107,126.7348,,전라북도 부안군 부안읍 연곡리 산 35-1,전라북도 부안군 부안읍 석동길 68-9
241,재장공원,35.75602,126.7068,,전라북도 부안군 동진면 당상리 산 14-5,전라북도 부안군 동진면 간재로 289
242,용계공원,35.74773,126.6951,,전라북도 부안군 동진면 당상리 883-36,전라북도 부안군 동진면 용주동길 13-4
243,덕화공원,35.75881,126.7064,,전라북도 부안군 동진면 증산리 492,전라북도 부안군 계화면 화상길 10-12
244,봉황공원,35.74905,126.7388,,전라북도 부안군 동진면 봉황리 355-6,전라북도 부안군 동진면 동진로 81
245,수문공원,35.76696,126.6979,,전라북도 부안군 계화면 창북리 336-2,전라북도 부안군 계화면 신창길 46
246,화상공원,35.76191,126.7015,,전라북도 부안군 계화면 창북리 410,전라북도 부안군 계화면 화상길 9-1
247,계상공원,35.79248,126.6406,,전라북도 부안군 계화면 계화리 산 15-1,전라북도 부안군 계화면 계화로 590-5
248,동돈공원,35.75407,126.6397,,전라북도 부안군 계화면 의복리 109-2,전라북도 부안군 계화면 동돈길 33
249,돈지공원,35.75498,126.6476,,전라북도 부안군 계화면 의복리 3-2,전라북도 부안군 계화면 의복로 113
250,의복공원,35.74575,126.6447,,전라북도 부안군 계화면 의복리 산 8-1,전라북도 부안군 계화면 의복로 78-91
251,상서공원,35.69153,126.6789,,전라북도 부안군 상서면 용서리 213-6,전라북도 부안군 상서면 부안로 2055-14
252,오곡공원,35.71195,126.8015,,전라북도 부안군 백산면 오곡리 1041,전라북도 부안군 백산면 계동길 85
253,줄포공원,35.59377,126.6752,,전라북도 부안군 줄포면 줄포리 854-1,전라북도 부안군 줄포면 줄포용서길 12
254,원장공원,35.59409,126.6834,,전라북도 부안군 줄포면 장동리 406-41,전라북도 부안군 줄포면 금동길 69-3
255,제2호근린공원,35.68079,126.5314,,,전라북도 부안군 변산면 변산해수욕장길 8
256,백련공원,35.71481,126.6002,,전라북도 부안군 하서면 백련리 1229,전라북도 부안군 하서면 월포길 75
257,진서공원,35.59052,126.6133,,전라북도 부안군 진서면 곰소리 1012,전라북도 부안군 진서면 청자로 1008
258,매창공원,35.72077,126.7283,,전라북도 부안군 부안읍 서외리 455-84,전라북도 부안군 부안읍 매창1길 25
259,서여공원,35.9175984,127.0732176,,전라북도 완주군 삼례읍 삼례리 1656-3,전라북도 완주군 삼례읍 황서길 37-3
260,참사랑공원,35.9116689,127.0774923,,전라북도 완주군 삼례읍 삼례리 1689-52,전라북도 완주군 삼례읍 신금로 53-23
261,정농함박골공원,35.8379928,127.0234065,,전라북도 완주군 이서면 반교리 715,전라북도 완주군 이서면 정농홍개길 24-26
262,용소공원,35.8331454,127.0238487,,전라북도 완주군 이서면 용서리 859,전라북도 완주군 이서면 지사제3로 5-8
263,대아전통문화공원,35.9892172,127.2624596,,전라북도 완주군 고산면 소향리 162,전라북도 완주군 고산면 대아저수로 416
264,어린이공원,36.00915,127.665726,,전라북도 무주군 무주읍 읍내리 1428,전라북도 무주군 무주읍 교동길 27-2
265,제일공원,36.011206,127.660199,,전라북도 무주군 무주읍 읍내리 343-2,전라북도 무주군 무주읍 향한로 43
266,북고공원,36.01666,127.662608,,전라북도 무주군 무주읍 읍내리 산 8,전라북도 무주군 무주읍 한수로 32
267,앞산공원,35.967937,127.851167,,전라북도 무주군 무풍면 현내리 산 36-1,전라북도 무주군 무풍면 현내로 230
268,단지공원,35.86264,127.659511,,전라북도 무주군 안성면 장기리 산 22-1,전라북도 무주군 안성면 칠연로 104
269,무주공원,36.009162,127.66838,,전라북도 무주군 무주읍 읍내리 67-3,전라북도 무주군 무주읍 단천로6길 3-16
270,소공원,36.009386,127.663876,,전라북도 무주군 무주읍 읍내리 294-22,전라북도 무주군 무주읍 교동1길 12
271,소공원,36.008443,127.665408,,전라북도 무주군 무주읍 읍내리 266-7,전라북도 무주군 무주읍 단천로 129-10
272,벽천공원,36.009196,127.659961,,전라북도 무주군 무주읍 읍내리 831-2,전라북도 무주군 무주읍 다양길 5
273,벽천공원,36.008568,127.659697,,전라북도 무주군 무주읍 읍내리 837-6,전라북도 무주군 무주읍 단천로4길 7
274,어린이공원,36.010824,127.788932,,전라북도 무주군 설천면 소천리 983-53,전라북도 무주군 설천면 하평지길 38
275,소공원,36.001529,127.789689,,전라북도 무주군 설천면 소천리 767-1,전라북도 무주군 설천면 재궁길 8-17
276,장계어린이공원,35.44735,127.35563,,전라북도 남원시 내척동 산 49-8,전라북도 남원시 내척길 265-13
277,봉동장기어린이공원,35.9387748,127.164389,,전라북도 완주군 봉동읍 장기리 364,전라북도 완주군 봉동읍 봉동동서로 117-17
278,삼봉 근린공원(4),35.9210929,127.118869,,전라북도 완주군 삼례읍 수계리 1125,전라북도 완주군 삼례읍 삼봉5로 60
279,삼봉 근린공원(5),35.9203014,127.1124631,,전라북도 완주군 삼례읍 수계리 804,전라북도 완주군 삼례읍 신탁길 199
280,삼봉 어린이공원(6),35.9224015,127.1135159,,전라북도 완주군 삼례읍 수계리 827,전라북도 완주군 삼례읍 삼봉로 399
281,삼봉 어린이공원(7),35.9212605,127.1158395,,전라북도 완주군 삼례읍 수계리 946-12,전라북도 완주군 삼례읍 삼봉5로 60
282,삼봉 어린이공원(8),35.919285,127.117582,,전라북도 완주군 삼례읍 수계리 1113-1,전라북도 완주군 삼례읍 신탁길 160-24
283,삼봉 어린리공원(9),35.9200801,127.119822,,전라북도 완주군 삼례읍 수계리 1107-3,전라북도 완주군 삼례읍 삼봉9로 21
284,삼봉 어린이공원(10),35.9232423,127.1236932,,전라북도 완주군 삼례읍 수계리 278,전라북도 완주군 봉동읍 고천길 214
285,삼봉 어린이공원(11),35.9245778,127.1241065,,전라북도 완주군 삼례읍 수계리 283-1,전라북도 완주군 봉동읍 고천길 228-2
286,삼례수도산근린공원,35.903682,127.0683484,,전라북도 완주군 삼례읍 후정리 113-12,전라북도 완주군 삼례읍 금반길 5-12
287,소리공원,35.836145,127.0550234,,전라북도 완주군 이서면 갈산리 648,전라북도 완주군 이서면 두천로 45
288,새라공원,35.8332382,127.0570745,,전라북도 완주군 이서면 갈산리 667-8,전라북도 완주군 이서면 안전로 107-9
289,초록공원,35.8333692,127.0499878,,전라북도 완주군 이서면 금평리 800,전라북도 완주군 이서면 농생명로 265-1
290,설화공원,35.8334691,127.0294081,,전라북도 완주군 이서면 반교리 611,전라북도 완주군 이서면 반교로 150
291,노을공원,35.8332843,127.0412858,,전라북도 완주군 이서면 갈산리 712,
292,산들공원,35.8391906,127.0541614,,전라북도 완주군 이서면 갈산리 641-20,전라북도 완주군 이서면 양동길 8
293,병아리공원,35.8335799,127.0540985,,전라북도 완주군 이서면 갈산리 656-2,전라북도 완주군 이서면 갈산안길 18-5
294,비행기공원,35.8308576,127.0234643,,전라북도 완주군 이서면 용서리 771-14,전라북도 완주군 이서면 지사제안길 20-13
295,씽씽공원,35.8306749,127.0215346,,전라북도 완주군 이서면 용서리 767-6,전라북도 완주군 이서면 지사제안길 38
296,기차공원,35.8309169,127.0185971,,전라북도 완주군 이서면 용서리 761-5,전라북도 완주군 이서면 지사제안길 62-13
297,소예공원,35.9719816,127.113905,,전라북도 완주군 봉동읍 장구리 582-11,전라북도 완주군 봉동읍 테크노밸리로 534
298,만경강수변생태공원,35.9744638,127.2031989,,전라북도 완주군 고산면 읍내리 900,전라북도 완주군 고산면 고산로 70-10
299,장기늘푸름공원,35.9362195,127.1652179,,전라북도 완주군 봉동읍 장기리 1129-27,전라북도 완주군 봉동읍 하보상길 9-2
300,깡쇠어린이공원,35.9178175,127.0730178,,전라북도 완주군 삼례읍 삼례리 1656,전라북도 완주군 삼례읍 황서길 37-3
301,삼례충혼탑어린이공원,35.9078019,127.0709943,,전라북도 완주군 삼례읍 삼례리 1425-1,전라북도 완주군 삼례읍 충혼길 16
302,제1호 수변공원,35.95996,126.99678,,전라북도 익산시 부송동 216-4,전라북도 익산시 무왕로 1262
303,제2호 수변공원,35.929346,126.977006,,전라북도 익산시 금강동 993-1,전라북도 익산시 하나로 79
304,근린공원2(국가식품클러스터),35.985448,127.085763,,전라북도 익산시 왕궁면 광암리 1472,전라북도 익산시 왕궁면 무왕로 2178
305,소공원(국가식품클러스터),35.96907,127.088674,,전라북도 익산시 왕궁면 흥암리 1419,전라북도 익산시 왕궁면 국가식품로17길 11
306,중앙공원,35.9430816,127.1268386,,전라북도 완주군 봉동읍 용암리 823,전라북도 완주군 봉동읍 완주산단5로 85
307,매동공원,35.952055,127.1407432,,전라북도 완주군 봉동읍 용암리 766-1,전라북도 완주군 봉동읍 완주산단5로 284
308,명동자연공원,35.9447651,127.1182392,,전라북도 완주군 봉동읍 용암리 818,전라북도 완주군 봉동읍 완주산단5로 21
309,학골공원,35.9433504,127.1372115,,전라북도 완주군 봉동읍 용암리 829,전라북도 완주군 봉동읍 완주산단4로 182
310,다복공원,35.9395532,127.1319158,,전라북도 완주군 봉동읍 용암리 840,전라북도 완주군 봉동읍 완주산단2로 70
311,삼례신금근린공원,35.9215474,127.0939313,,전라북도 완주군 삼례읍 신금리 산 73-1,전라북도 완주군 삼례읍 효행로 39-5
312,신월희망공원,35.9263651,127.1625849,,전라북도 완주군 봉동읍 낙평리 1221-7,전라북도 완주군 봉동읍 낙평신월3길 22
313,둔산어린이공원,35.9634281,127.1264435,,전라북도 완주군 봉동읍 둔산리 875-1,전라북도 완주군 봉동읍 둔산3로 97
314,제2어린이공원,35.9599157,127.1243945,,전라북도 완주군 봉동읍 둔산리 895-4,전라북도 완주군 봉동읍 원둔산2길 21
315,신월햇살공원,35.9280614,127.1608183,,전라북도 완주군 봉동읍 낙평리 1232,전라북도 완주군 봉동읍 낙평신월2길 45
316,생강골공원,35.931149,127.1591568,,전라북도 완주군 봉동읍 낙평리 795,전라북도 완주군 봉동읍 봉동중앙로 136
317,배산택지3호공원,35.95103,126.934662,,전라북도 익산시 모현동1가 912,전라북도 익산시 모현동1가 선화로 28
318,배산택지4호공원,35.954052,126.941287,,전라북도 익산시 모현동2가 740,전라북도 익산시 모현동2가 배산로 183
319,배산택지2호공원,35.955438,126.936809,,전라북도 익산시 모현동2가 715,전라북도 익산시 모현동2가 선화로1길 57-35
320,배산택지1호공원,35.958841,126.938959,,전라북도 익산시 모현동2가 617,전라북도 익산시 모현동2가 동서로 42-23
321,배산택지6호공원,35.942291,126.935676,,전라북도 익산시 송학동 245-28,전라북도 익산시 배산로 39-6
322,배산택지5호공원,35.948975,126.937918,,전라북도 익산시 모현동1가 935,전라북도 익산시 모현동1가 배산로3길 24-5
323,배산택지1호공원,35.959205,126.938038,,전라북도 익산시 모현동2가 587,전라북도 익산시 모현동2가 동서로2길 13
324,배산택지2호공원,35.952831,126.935356,,전라북도 익산시 모현동2가 725,전라북도 익산시 모현동2가 선화로1길 57-33
325,배산택지3호공원,35.95128,126.938891,,전라북도 익산시 모현동1가 850,전라북도 익산시 모현동1가 선화로1길 20
326,1호공원 (왕궁온천),35.928362,127.059696,,전라북도 익산시 왕궁면 온수리 산 38-6,전라북도 익산시 왕궁면 온천길 102
327,2호공원 (왕궁온천),35.922444,127.058843,,전라북도 익산시 왕궁면 온수리 607-5,전라북도 익산시 왕궁면 온천길 26
328,5호어린이공원 (왕궁온천),35.923732,127.056207,,전라북도 익산시 춘포면 쌍정리 7-2,전라북도 익산시 춘포면 원쌍정길 20
329,2호어린이공원 (왕궁온천),35.926005,127.057132,,전라북도 익산시 왕궁면 온수리 산 49-16,전라북도 익산시 왕궁면 온천길 55
330,4호어린이공원 (왕궁온천),35.924579,127.058563,,전라북도 익산시 왕궁면 온수리 산 48,전라북도 익산시 왕궁면 온천길 38
331,1호어린이공원 (왕궁온천),35.921512,127.080046,,전라북도 익산시 왕궁면 온수리 66,전라북도 완주군 삼례읍 왕궁로 66-15
332,쌍릉공원,35.977532,127.030948,,전라북도 익산시 석왕동 6-7,전라북도 익산시 쌍능길 65
333,다송1공원(제4산단),36.0306,126.959169,,전라북도 익산시 함열읍 다송리 890,전라북도 익산시 함열읍 익산대로78길 313
334,다송2공원(제4산단),36.031966,126.956759,,전라북도 익산시 함열읍 다송리 888,전라북도 익산시 함열읍 익산대로78길 287
335,누리공원,36.03931,126.987518,,전라북도 익산시 삼기면 오룡리 1102,전라북도 익산시 삼기면 산단도마4길 60
336,물결공원,36.042537,127.003054,,전라북도 익산시 삼기면 연동리 922,전라북도 익산시 삼기면 채산1길 25
337,삼기공원,36.040618,126.985348,,전라북도 익산시 낭산면 용기리 1949,전라북도 익산시 낭산면 대도길 14
338,한울공원,36.043681,126.998733,,전라북도 익산시 낭산면 구평리 1550,전라북도 익산시 낭산면 산단구평길 126-6
339,새말공원,36.036498,126.987382,,전라북도 익산시 삼기면 오룡리 1144,전라북도 익산시 삼기면 산단도마2길 16-16
340,옛길공원,36.037036,126.992103,,전라북도 익산시 삼기면 오룡리 1235,전라북도 익산시 삼기면 오룡길 124-33
341,바람공원,36.028588,126.998787,,전라북도 익산시 삼기면 오룡리 1276,전라북도 익산시 삼기면 구정길 18-15
342,두레공원,36.048301,126.996246,,전라북도 익산시 낭산면 구평리 1422-4,전라북도 익산시 낭산면 산단구평길 142-41
343,여산 숲정이 성지공원,36.061684,127.082034,,전라북도 익산시 여산면 여산리 295,전라북도 익산시 여산면 가람로 414-1
344,와리공원,36.077233,126.966621,,전라북도 익산시 함열읍 와리 산 66-4,전라북도 익산시 함열읍 함열10길 32
345,돌숲공원,36.073029,126.963647,,전라북도 익산시 함열읍 와리 156-2,전라북도 익산시 함열읍 정동1길 16-10
346,마동3호공원,35.932436,126.962445,,전라북도 익산시 동산동 1066,전라북도 익산시 서동로26길 19
347,팔봉공원,35.963166,126.994145,,전라북도 익산시 부송동 265-5,전라북도 익산시 무왕로25길 30
348,익산묘지공원,35.973343,127.016654,,전라북도 익산시 석왕동 산 83,전라북도 익산시 무왕로 1471-63
349,제2공단,35.953198,126.999486,,전라북도 익산시 용제동 582,전라북도 익산시 석암로1길 33
350,용제,35.951259,127.005566,,전라북도 익산시 팔봉동 840,전라북도 익산시 석암로7길 73-21
351,수도산공원,35.934349,126.976132,,전라북도 익산시 금강동 531,전라북도 익산시 하나로3길 37
352,부송2호,35.955666,126.992064,,전라북도 익산시 부송동 1041,전라북도 익산시 부송로6길 1-1
353,부송지구공원,35.95832,126.989583,,전라북도 익산시 부송동 1033-4,전라북도 익산시 부송1로1길 19-9
354,영등2차2호공원,35.959688,126.980404,,전라북도 익산시 영등동 854,전라북도 익산시 무왕로17길 13
355,영등2차1호공원,35.962752,126.973332,,전라북도 익산시 영등동 811-1,전라북도 익산시 무왕로9길 49
356,영등2차4호공원,35.957121,126.982699,,전라북도 익산시 어양동 658,전라북도 익산시 부송1로 9-8
357,영등2차3호공원,35.961431,126.982089,,전라북도 익산시 어양동 631-3,전라북도 익산시 하나로8길 19
358,어양3차1호공원,35.956446,126.979232,,전라북도 익산시 어양동 645-1,전라북도 익산시 동서로57길 6
359,부송3차공원,35.961265,126.991113,,전라북도 익산시 부송동 1112,전라북도 익산시 하나로10길 90
360,팔봉 제2공원(18호),35.961849,127.006027,,전라북도 익산시 팔봉동 902,전라북도 익산시 무왕로 1338
361,팔봉 제3공원(19호),35.96028,127.01436,,전라북도 익산시 팔봉동 883,전라북도 익산시 석암로3길 210
362,팔봉제1공원(17호),35.951417,127.01562,,전라북도 익산시 춘포면 신동리 823,전라북도 익산시 춘포면 원정길 27-8
363,영등3차1호공원,35.954718,126.970563,,전라북도 익산시 영등동 757-5,전라북도 익산시 고봉로22길 23
364,어양3차1호공원,35.959209,126.983711,,전라북도 익산시 어양동 697,전라북도 익산시 하나로4길 14
365,금마,35.997087,127.056595,,전라북도 익산시 금마면 동고도리 산 90-3,전라북도 익산시 금마면 고도7길 9-10
366,황등공원,36.010822,126.939078,,전라북도 익산시 황등면 동연리 235-1,전라북도 익산시 황등면 시와로 39
367,춘포공원,35.899529,127.007951,,전라북도 익산시 춘포면 춘포리 989-17,전라북도 익산시 춘포면 춘포4길 29
368,무학공원,36.122252,126.949226,,전라북도 익산시 용안면 난포리 산 23,전라북도 익산시 용안면 강변로 1253-102
369,여산공원,36.060474,127.076316,,전라북도 익산시 여산면 제남리 386-1,전라북도 익산시 여산면 여강로 99-38
370,모인공원,35.957534,126.952067,,전라북도 익산시 모현동2가 22,전라북도 익산시 익산대로 356
371,송학공원,35.940877,126.927159,,전라북도 익산시 송학동 548-1,전라북도 익산시 학곤로20길 13
372,신동6호,35.959457,126.966139,,전라북도 익산시 신동 774-1,전라북도 익산시 인북로66길 39
373,신동3호,35.960083,126.958817,,전라북도 익산시 신동 802-5,전라북도 익산시 동서로13길 6-4
374,신동8호,35.959591,126.95605,,전라북도 익산시 신동 823-4,전라북도 익산시 익산대로54길 54
375,신동5호,35.959755,126.963999,,전라북도 익산시 신동 847,전라북도 익산시 동서로33길 77-1
376,신동4호,35.960871,126.961118,,전라북도 익산시 신동 782-1,전라북도 익산시 동서로23길 83
377,신동9호,35.963157,126.956859,,전라북도 익산시 신동 791-1,전라북도 익산시 무왕로4길 12-11
378,신동2호,35.957364,126.955464,,전라북도 익산시 신동 737-1,전라북도 익산시 동서로7길 19-3
379,신동1호,35.954599,126.960741,,전라북도 익산시 남중동 538-16,전라북도 익산시 동서로29길 21-3
380,신동7호,35.957419,126.965207,,전라북도 익산시 신동 814-6,전라북도 익산시 인북로62길 39
381,남부5호공원,35.927365,126.954213,,전라북도 익산시 인화동2가 107,전라북도 익산시 인화동2가 목천로6길 87
382,영등1차 1호공원,35.953006,126.976293,,전라북도 익산시 영등동 690-11,전라북도 익산시 고봉로18길 69-57
383,영등1차 2호공원,35.953277,126.97921,,전라북도 익산시 어양동 594-1,전라북도 익산시 고봉로18길 97-3
384,꿈마을공원,35.8303083,127.1668375,,전라북도 전주시 덕진구 인후동1가 890-2,전라북도 전주시 덕진구 인후동1가 석소로 29
385,가재미공원,35.826157,127.162141,,전라북도 전주시 덕진구 인후동1가 906-1,전라북도 전주시 덕진구 인후동1가 무삼지2길 9-6
386,하평공원,35.828,127.1654625,,전라북도 전주시 덕진구 인후동1가 918-2,전라북도 전주시 덕진구 인후동1가 무삼지로 21
387,한범로공원,35.8238667,127.167275,,전라북도 전주시 덕진구 인후동1가 943-6,전라북도 전주시 덕진구 인후동1가 한배미5길 4
388,문화로공원,35.8271698,127.1700456,,전라북도 전주시 덕진구 인후동1가 951-5,전라북도 전주시 덕진구 우아동1가 아중로 192
389,185호공원,35.827572,127.1316747,,전라북도 전주시 덕진구 진북동 1043-23,전라북도 전주시 덕진구 벚꽃2길 3-7
390,동산구역,35.870391,127.079944,,전라북도 전주시 덕진구 여의동2가 571-4,전라북도 전주시 덕진구 여의동2가 덕용1길 25-19
391,서찰방공원,35.834262,127.06788,,전라북도 전주시 덕진구 만성동 1168-8,전라북도 전주시 덕진구 월방1길 22-9
392,월방공원,35.834766,127.072522,,전라북도 전주시 덕진구 만성동 1194-3,전라북도 전주시 덕진구 월방5길 10
393,179호공원,35.8680381,127.1235233,,전라북도 전주시 덕진구 송천동2가 270-3,전라북도 전주시 덕진구 송천동2가 붓내3길 17-11
394,우아구역,35.8432098,127.1650066,,전라북도 전주시 덕진구 우아동3가 386-1,전라북도 전주시 덕진구 우아동3가 안덕원2길 3
395,종광대,35.8308589,127.1513332,,전라북도 전주시 덕진구 인후동1가 176-22,전라북도 전주시 덕진구 인후동1가 반태산1길 98-3
396,만성문화,35.849268,127.076888,,전라북도 전주시 덕진구 만성동 1350-13,전라북도 전주시 덕진구 만성북1길 10
397,만성수변,35.842308,127.068962,,전라북도 전주시 덕진구 만성동 1267-2,전라북도 전주시 덕진구 만성남1길 10
398,배산 공원,35.960209,126.94431,,전라북도 익산시 모현동2가 산 9-1,전라북도 익산시 모현동2가 동서로 67-27
399,함열공원,36.083909,126.958572,,전라북도 익산시 함열읍 와리 532-40,전라북도 익산시 함열읍 함열1길 84-1
400,보덕공원,35.995109,127.045916,,전라북도 익산시 금마면 서고도리 215-3,전라북도 익산시 금마면 미륵사지로 97-20
401,붓내공원,35.8680849,127.1253712,,전라북도 전주시 덕진구 송천동2가 1270,전라북도 전주시 덕진구 송천동2가 붓내3길 29
402,솔내공원,35.8669401,127.1268593,,전라북도 전주시 덕진구 송천동2가 1274,전라북도 전주시 덕진구 송천동2가 붓내3길 50
403,수성로공원,35.8263,127.17495,,전라북도 전주시 덕진구 우아동1가 1118-1,전라북도 전주시 덕진구 우아동1가 인교7길 20-26
404,아중18호공원,35.8344548,127.1693015,,전라북도 전주시 덕진구 우아동2가 869-2,전라북도 전주시 덕진구 우아동2가 석소2길 14-5
405,왜들공원,35.8321667,127.171825,,전라북도 전주시 덕진구 우아동2가 895-6,전라북도 전주시 덕진구 우아동2가 아중6길 24-4
406,오동제공원,35.828725,127.1704625,,전라북도 전주시 덕진구 우아동2가 910-4,전라북도 전주시 덕진구 우아동2가 아중3길 6-5
407,우아2공원,35.8526139,127.1562423,,전라북도 전주시 덕진구 우아동3가 762,전라북도 전주시 덕진구 우아동3가 우아10길 17-8
408,우아1공원,35.8506497,127.1546941,,전라북도 전주시 덕진구 우아동3가 747-84,전라북도 전주시 덕진구 우아동3가 우아7길 9
409,황산공원,35.8452321,127.1558875,,전라북도 전주시 덕진구 우아동3가 750,전라북도 전주시 덕진구 우아동3가 도당산로 23-2
410,신기공원,35.8472966,127.163038,,전라북도 전주시 덕진구 우아동3가 753,전라북도 전주시 덕진구 우아동3가 신기2길 5-2
411,안골공원,35.8408554,127.1570512,,전라북도 전주시 덕진구 인후동1가 753-4,전라북도 전주시 덕진구 인후동1가 안골3길 19-11
412,안골노인복지공원,35.8381856,127.1571268,,전라북도 전주시 덕진구 인후동1가 764-6,전라북도 전주시 덕진구 인후동1가 안골1길 7
413,언덕공원,35.8353321,127.15355,,전라북도 전주시 덕진구 인후동1가 774-1,전라북도 전주시 덕진구 인후동1가 팽나무3길 15-5
414,진버들공원,35.8355459,127.1633272,,전라북도 전주시 덕진구 인후동1가 802-2,전라북도 전주시 덕진구 인후동1가 진버들4길 7
415,북가재미공원,35.8319588,127.1614708,,전라북도 전주시 덕진구 인후동1가 843-1,전라북도 전주시 덕진구 인후동1가 가재미로 80
416,도란길공원,35.8334582,127.1643967,,전라북도 전주시 덕진구 인후동1가 854-3,전라북도 전주시 덕진구 인후동1가 동가재미2길 28-3
417,구총목공원,35.829244,127.162528,,전라북도 전주시 덕진구 인후동1가 882-1,전라북도 전주시 덕진구 인후동1가 가재미로 44
418,원장동공원,35.8414026,127.055179,,전라북도 전주시 덕진구 장동 1065,전라북도 전주시 덕진구 틀못1길 17
419,엽순공원,35.84329,127.067108,,전라북도 전주시 덕진구 장동 131-3,전라북도 전주시 덕진구 중동로 104-14
420,팔곽공원,35.855455,127.095419,,전라북도 전주시 덕진구 팔복동2가 339,전라북도 전주시 덕진구 팔복동2가 학산길 3
421,쇠똥구리공원,35.845173,127.112922,,전라북도 전주시 덕진구 덕진동2가 638-1,전라북도 전주시 덕진구 덕진동2가 하가1길 51-5
422,반딧불이공원,35.8426907,127.1112975,,전라북도 전주시 덕진구 덕진동2가 679,전라북도 전주시 덕진구 덕진동2가 가련산로 31
423,여울목공원,35.8388509,127.1141744,,전라북도 전주시 덕진구 덕진동2가 699,전라북도 전주시 덕진구 덕진동2가 가리내로 214
424,만성어린 5,35.838076,127.076421,,전라북도 전주시 덕진구 만성동 1290-2,전라북도 전주시 덕진구 만성동로 16
425,찰방공원,35.833701,127.07012,,전라북도 전주시 덕진구 만성동 1175-15,전라북도 전주시 덕진구 월방1길 4-5
426,월평공원,35.835609,127.073648,,전라북도 전주시 덕진구 만성동 1188-16,전라북도 전주시 덕진구 월방7길 13
427,월방공원,35.833096,127.071756,,전라북도 전주시 덕진구 만성동 1201-8,전라북도 전주시 덕진구 월방2길 11-4
428,만성어린 1,35.850355,127.072459,,전라북도 전주시 덕진구 여의동 993,전라북도 전주시 덕진구 용정길 67-6
429,만성어린 4,35.843461,127.079951,,전라북도 전주시 덕진구 만성동 1374-3,전라북도 전주시 덕진구 만성동로 84-9
430,만성어린 3,35.848193,127.083136,,전라북도 전주시 덕진구 만성동 1404,전라북도 전주시 덕진구 정여립로 1115
431,만성어린 2,35.839633,127.071497,,전라북도 전주시 덕진구 만성동 1280-4,전라북도 전주시 덕진구 만성남로 28-7
432,송천유적공원,35.8649603,127.1187162,,전라북도 전주시 덕진구 송천동1가 816-1,전라북도 전주시 덕진구 송천동1가 용소로 95-11
433,송천제2호공원,35.8612674,127.1175949,,전라북도 전주시 덕진구 송천동1가 844-10,전라북도 전주시 덕진구 송천동1가 송천3길 38-22
434,산성 1,35.806843,127.159626,,전라북도 전주시 완산구 동서학동 847-4,전라북도 전주시 완산구 남고산성2길 5-8
435,원각사,35.808567,127.153062,,전라북도 전주시 완산구 동서학동 173-8,전라북도 전주시 완산구 천경로 25-3
436,불무 2,35.804809,127.146556,,전라북도 전주시 완산구 서서학동 102-2,전라북도 전주시 완산구 공수내1길 15-15
437,바구멀,35.8283414,127.1252804,,전라북도 전주시 완산구 서신동 8-4,전라북도 전주시 완산구 전룡로 110-15
438,가락구역,35.8127361,127.1385021,,전라북도 전주시 완산구 서완산동1가 525-6,전라북도 전주시 완산구 서완산동1가 빙고리2길 4-20
439,가락구역,35.8118491,127.1383645,,전라북도 전주시 완산구 서완산동1가 574-17,전라북도 전주시 완산구 서완산동1가 빙고리2길 3-9
440,원중공원,35.8425686,127.0643556,,전라북도 전주시 덕진구 장동 1093-6,전라북도 전주시 덕진구 중동로 104-6
441,정문공원,35.859214,127.059582,,전라북도 전주시 덕진구 장동 1054-1,전라북도 전주시 덕진구 장동유통로 2-8
442,간납대1,35.8171342,127.152027,,전라북도 전주시 완산구 풍남동3가 104,전라북도 전주시 완산구 풍남동3가 은행로 30-3
443,간납대2,35.8162356,127.1553497,,전라북도 전주시 완산구 풍남동3가 9-29,전라북도 전주시 완산구 풍남동3가 기린대로 76-5
444,하늘공원,35.845173,127.112922,,전라북도 전주시 덕진구 덕진동2가 638-1,전라북도 전주시 덕진구 덕진동2가 하가1길 51-5
445,만성지구 1,35.840928,127.078358,,전라북도 전주시 덕진구 만성동 1324,전라북도 전주시 덕진구 만성동로 60
446,만성지구 2,35.845102,127.078391,,전라북도 전주시 덕진구 만성동 1371-3,전라북도 전주시 덕진구 만성로 152
447,덕진공원,35.847952,127.122718,,전라북도 전주시 덕진구 덕진동1가 1316-2,전라북도 전주시 덕진구 덕진동1가 권삼득로 374-8
448,나들목공원,35.8761683,127.0557582,,전라북도 전주시 덕진구 용정동 469-15,전라북도 전주시 덕진구 번영로 455
449,중상보공원,35.8306652,127.1713126,,전라북도 전주시 덕진구 우아동2가 907,전라북도 전주시 덕진구 우아동2가 아중중앙로 30
450,아람길공원,35.8306485,127.1682629,,전라북도 전주시 덕진구 인후동1가 858-3,전라북도 전주시 덕진구 인후동1가 석소로 31
451,인후공원,35.8418516,127.1594673,,전라북도 전주시 덕진구 인후동1가 산 4-6,전라북도 전주시 덕진구 인후동1가 안골3길 23-4
452,도화공원,35.8072794,127.0980766,,전라북도 전주시 완산구 효자동2가 1193-5,전라북도 전주시 완산구 효자동2가 소태정로 21
453,달맞이공원,35.8070168,127.1015986,,전라북도 전주시 완산구 효자동2가 1201-3,전라북도 전주시 완산구 효자동2가 용호로 20
454,푸른연꽃공원,35.8037325,127.0990881,,전라북도 전주시 완산구 효자동2가 1205-1,전라북도 전주시 완산구 효자동2가 소태정5길 9-10
455,효자제6호공원,35.8126369,127.0991742,,전라북도 전주시 완산구 효자동2가 1247-13,전라북도 전주시 완산구 효자동2가 봉곡3길 17-6
456,효자제7호공원,35.8124448,127.1042005,,전라북도 전주시 완산구 효자동2가 1260-18,전라북도 전주시 완산구 효자동2가 구룡1길 19-10
457,사이언스공원,35.8093916,127.0954858,,전라북도 전주시 완산구 효자동2가 1310,전라북도 전주시 완산구 효자동2가 후곡길 11-18
458,금파공원,35.8096505,127.0981411,,전라북도 전주시 완산구 효자동2가 1314-3,전라북도 전주시 완산구 효자동2가 호암로 41
459,물빛채공원,35.8112833,127.1005889,,전라북도 전주시 완산구 효자동2가 1314-5,전라북도 전주시 완산구 효자동2가 우전로 181
460,토방공원,35.8099161,127.1014443,,전라북도 전주시 완산구 효자동2가 1315-5,전라북도 전주시 완산구 효자동2가 호암로 61
461,불빛공원,35.805575,127.102325,,전라북도 전주시 완산구 효자동2가 1322,전라북도 전주시 완산구 효자동2가 소태정4길 19-4
462,나무향공원,35.8097583,127.10575,,전라북도 전주시 완산구 효자동2가 1329-7,전라북도 전주시 완산구 효자동2가 우전1길 66-5
463,효천제2호공원,35.7991459,127.1041882,,전라북도 전주시 완산구 효자동2가 1364-2,전라북도 전주시 완산구 효자동2가 효천중앙로 17
464,효천제4호공원,35.8133195,127.1085028,,전라북도 전주시 완산구 효자동2가 1158-3,전라북도 전주시 완산구 효자동2가 범안2길 6
465,효천제3호공원,35.8116398,127.1078112,,전라북도 전주시 완산구 효자동2가 100-1,전라북도 전주시 완산구 효자동2가 범안1길 26
466,서중공원,35.8353049,127.100204,,전라북도 전주시 완산구 효자동3가 1433,전라북도 전주시 완산구 효자동3가 서곡1길 14-18
467,신덕공원,35.8341039,127.1025859,,전라북도 전주시 완산구 효자동3가 1443-2,전라북도 전주시 완산구 효자동3가 서곡2길 13-6
468,양지뜸공원,35.8323605,127.0982707,,전라북도 전주시 완산구 효자동3가 1473-4,전라북도 전주시 완산구 효자동3가 서곡로 31
469,서곡공원,35.8298871,127.098751,,전라북도 전주시 완산구 효자동3가 1487,전라북도 전주시 완산구 효자동3가 황강서원5길 41
470,효자제1호공원,35.8353578,127.1001792,,전라북도 전주시 완산구 효자동3가 1433,전라북도 전주시 완산구 효자동3가 서곡1길 14-18
471,효자제2호공원,35.8341798,127.1027015,,전라북도 전주시 완산구 효자동3가 1443-2,전라북도 전주시 완산구 효자동3가 서곡2길 13-6
472,효자제3호공원,35.8322637,127.0984445,,전라북도 전주시 완산구 효자동3가 1473-4,전라북도 전주시 완산구 효자동3가 서곡로 31
473,효자제4호공원,35.8300667,127.0990875,,전라북도 전주시 완산구 효자동3가 1580,전라북도 전주시 완산구 효자동3가 황강서원5길 37
474,효자제5호공원,35.8164425,127.0962772,,전라북도 전주시 완산구 효자동3가 1713-18,전라북도 전주시 완산구 효자동3가 농소6길 29-26
475,효자공원,35.8368478,127.1048344,,전라북도 전주시 완산구 효자동3가 산 19-1,전라북도 전주시 완산구 효자동3가 온고을로 170-9
476,추심정 2,35.818302,127.154949,,전라북도 전주시 완산구 남노송동 102-13,전라북도 전주시 완산구 기린대로 100-10
477,112호공원,35.818097,127.116827,,전라북도 전주시 완산구 중화산동2가 775-3,전라북도 전주시 완산구 중화산동2가 신촌4길 10-4
478,109호공원,35.821066,127.114765,,전라북도 전주시 완산구 중화산동2가 819-1,전라북도 전주시 완산구 중화산동2가 화산천변6길 11-3
479,도화봉공원,35.7968614,127.1336255,,전라북도 전주시 완산구 평화동1가 592-2,전라북도 전주시 완산구 평화동1가 꽃밭정1길 8
480,평화제1공원,35.7967331,127.1331644,,전라북도 전주시 완산구 평화동1가 597-6,전라북도 전주시 완산구 평화동1가 꽃밭정1길 7-26
481,평화제2공원,35.795386,127.1338796,,전라북도 전주시 완산구 평화동1가 722-1,전라북도 전주시 완산구 평화동1가 평화18길 30-7
482,감나무골공원,35.7948083,127.1381875,,전라북도 전주시 완산구 평화동1가 740-1,전라북도 전주시 완산구 평화동1가 평화19길 14-4
483,평화1공원,35.7920555,127.1373693,,전라북도 전주시 완산구 평화동1가 760,전라북도 전주시 완산구 평화동1가 평화16길 6-3
484,참새암공원,35.7918417,127.1351125,,전라북도 전주시 완산구 평화동2가 858-4,전라북도 전주시 완산구 평화동2가 평화14길 27-33
485,맏내공원,35.78895,127.1360625,,전라북도 전주시 완산구 평화동2가 873-5,전라북도 전주시 완산구 평화동2가 평화9길 5-1
486,평화3-1호공원,35.7861968,127.1316592,,전라북도 전주시 완산구 평화동2가 889-6,전라북도 전주시 완산구 평화동2가 소대배기로 18-34
487,평화3-2호공원,35.7856998,127.1344264,,전라북도 전주시 완산구 평화동2가 896-2,전라북도 전주시 완산구 평화동2가 평화로 106
488,평화3-3호공원,35.7833621,127.1323212,,전라북도 전주시 완산구 평화동2가 897-2,전라북도 전주시 완산구 평화동2가 평화3길 8-4
489,신리공원,35.804633,127.1224,,전라북도 전주시 완산구 효자동1가 551,전라북도 전주시 완산구 효자동1가 성지산2길 10-6
490,장성공원,35.8091389,127.1171267,,전라북도 전주시 완산구 효자동1가 631,전라북도 전주시 완산구 효자동1가 밤나무2길 28
491,효문공원,35.8024411,127.1148139,,전라북도 전주시 완산구 효자동1가 653,전라북도 전주시 완산구 효자동1가 강변로 120-1
492,풍남공원,35.8008873,127.1143676,,전라북도 전주시 완산구 효자동1가 655,전라북도 전주시 완산구 효자동1가 효자천변1길 25-6
493,효림공원,35.8026067,127.1139164,,전라북도 전주시 완산구 효자동1가 659-4,전라북도 전주시 완산구 효자동1가 강변로 120-1
494,안행공원,35.8044509,127.1357063,,전라북도 전주시 완산구 효자동1가 681,전라북도 전주시 완산구 효자동1가 외칠봉2길 3
495,은빛공원,35.8030755,127.133952,,전라북도 전주시 완산구 효자동1가 690-5,전라북도 전주시 완산구 효자동1가 안행7길 10-4
496,효자제8호공원,35.8130412,127.1086755,,전라북도 전주시 완산구 효자동2가 1164-1,전라북도 전주시 완산구 효자동2가 범안2길 6
497,한지공원,35.8073085,127.0956666,,전라북도 전주시 완산구 효자동2가 1191-3,전라북도 전주시 완산구 효자동2가 천잠로 225
498,선율공원,35.8092091,127.100238,,전라북도 전주시 완산구 효자동2가 1192-2,전라북도 전주시 완산구 효자동2가 호암로 59
499,고사평 동 공원,35.8380988,127.1088449,,전라북도 전주시 완산구 서신동 1018,전라북도 전주시 완산구 고사평7길 17
500,안터공원,35.8310213,127.1195074,,전라북도 전주시 완산구 서신동 787-1,전라북도 전주시 완산구 감나무로 50
501,명당골공원,35.8262083,127.11925,,전라북도 전주시 완산구 서신동 887-8,전라북도 전주시 완산구 전룡4길 11
502,서여울길공원,35.8361409,127.1111673,,전라북도 전주시 완산구 서신동 977,전라북도 전주시 완산구 고사평6길 11-3
503,고사평 서 공원,35.8360718,127.1086221,,전라북도 전주시 완산구 서신동 944-1,전라북도 전주시 완산구 고사평3길 13-4
504,서부공원,35.8342669,127.1130516,,전라북도 전주시 완산구 서신동 962-5,전라북도 전주시 완산구 새터로 52-14
505,선수촌공원,35.834732,127.1191631,,전라북도 전주시 완산구 서신동 965-4,전라북도 전주시 완산구 새터로 100
506,재뜸공원,35.826675,127.12325,,전라북도 전주시 완산구 서신동 988,전라북도 전주시 완산구 백제대로 380-6
507,노송공원,35.8244417,127.1575,,전라북도 전주시 완산구 중노송동 253-75,전라북도 전주시 완산구 인봉1길 47
508,오정공원,35.832944,127.062113,,전라북도 전주시 덕진구 중동 832,전라북도 전주시 덕진구 오정2길 21
509,인정길공원,35.8194227,127.1195918,,전라북도 전주시 완산구 중화산동2가 586,전라북도 전주시 완산구 중화산동2가 인정2길 6
510,근영길공원,35.8171912,127.1247299,,전라북도 전주시 완산구 중화산동2가 655-4,전라북도 전주시 완산구 중화산동2가 영경3길 9
511,한두평공원,35.8137,127.1247,,전라북도 전주시 완산구 중화산동2가 662-5,전라북도 전주시 완산구 중화산동2가 한두평2길 16
512,화산2구획제3공원,35.8195981,127.120609,,전라북도 전주시 완산구 중화산동2가 584-13,전라북도 전주시 완산구 중화산동2가 인정1길 3-1
513,매너머공원,35.8225512,127.1189326,,전라북도 전주시 완산구 중화산동2가 702-1,전라북도 전주시 완산구 중화산동2가 중화산로 138-14
514,111호공원,35.820225,127.117228,,전라북도 전주시 완산구 중화산동2가 757-1,전라북도 전주시 완산구 중화산동2가 화산천변4길 12-3
515,110호공원,35.819646,127.114791,,전라북도 전주시 완산구 중화산동2가 763-4,전라북도 전주시 완산구 중화산동2가 화산천변1길 12-4
516,용호근린공원,35.8060667,127.1042889,,전라북도 전주시 완산구 효자동2가 1333-2,전라북도 전주시 완산구 효자동2가 소태정4길 23-8
517,바위백이공원,35.8172889,127.1001655,,전라북도 전주시 완산구 효자동3가 1858,전라북도 전주시 완산구 효자동3가 농소7길 32-6
518,효천지구 1호공원,35.8008763,127.1074326,,전라북도 전주시 완산구 효자동2가 1371,전라북도 전주시 완산구 효자동2가 쑥고개로 384-12
519,효열공원,35.8072423,127.0988836,,전라북도 전주시 완산구 효자동2가 1193-7,전라북도 전주시 완산구 효자동2가 소태정로 21
520,솔바람공원,35.8066599,127.1000592,,전라북도 전주시 완산구 효자동2가 1200-1,전라북도 전주시 완산구 효자동2가 용호로 34
521,모롱지공원,35.8364307,127.1042469,,전라북도 전주시 완산구 효자동3가 1407-3,전라북도 전주시 완산구 효자동3가 서곡6길 14
522,문학대2공원,35.8296857,127.1067852,,전라북도 전주시 완산구 효자동3가 1523-1,전라북도 전주시 완산구 효자동3가 홍산로 390
523,마전숲,35.8186976,127.1105922,,전라북도 전주시 완산구 효자동3가 1526-1,전라북도 전주시 완산구 효자동3가 홍산4길 14
524,서부제5공원,35.8296463,127.0971274,,전라북도 전주시 완산구 효자동3가 1578,전라북도 전주시 완산구 효자동3가 황강서원1길 13
525,서부제4공원,35.8302219,127.0998085,,전라북도 전주시 완산구 효자동3가 1580,전라북도 전주시 완산구 효자동3가 황강서원5길 31
526,문학대1공원,35.829399,127.1048977,,전라북도 전주시 완산구 효자동3가 1587,전라북도 전주시 완산구 효자동3가 황강서원5길 8-17
527,천잠공원,35.8186603,127.0826965,,전라북도 전주시 완산구 효자동3가 산 211-1,전라북도 전주시 완산구 효자동3가 백마산길 99-15
528,모퉁이공원,35.7936774,127.1181687,,전라북도 전주시 완산구 삼천동1가 716,전라북도 전주시 완산구 삼천동1가 하거마2길 22-6
529,곰솔나무길공원,35.8003451,127.1283624,,전라북도 전주시 완산구 삼천동1가 732-5,전라북도 전주시 완산구 삼천동1가 백제대로 72
530,안행구획제1공원,35.8020071,127.1293144,,전라북도 전주시 완산구 삼천동1가 739,전라북도 전주시 완산구 삼천동1가 안행2길 23
531,신안행로공원,35.7997895,127.1315427,,전라북도 전주시 완산구 삼천동1가 750-3,전라북도 전주시 완산구 삼천동1가 안행3길 9-5
532,삼천주공공원,35.7949163,127.1113202,,전라북도 전주시 완산구 삼천동1가 765-1,전라북도 전주시 완산구 삼천동1가 삼천천변1길 16
533,거마공원,35.7993167,127.1206625,,전라북도 전주시 완산구 삼천동1가 176-2,전라북도 전주시 완산구 삼천동1가 성지산로 24
534,강변공원,35.799235,127.1108685,,전라북도 전주시 완산구 삼천동1가 724-1,전라북도 전주시 완산구 삼천동1가 용리로 13
535,삼천공원,35.7874466,127.0983472,,전라북도 전주시 완산구 삼천동2가 산 53-1,전라북도 전주시 완산구 삼천동2가 계룡산길 88
536,도내기샘공원,35.831765,127.1164415,,전라북도 전주시 완산구 서신동 794,전라북도 전주시 완산구 서신로 90
537,서일공원,35.8371335,127.1160695,,전라북도 전주시 완산구 서신동 960-3,전라북도 전주시 완산구 여울로 79-1
538,마당재공원,35.8232785,127.162939,,전라북도 전주시 완산구 중노송동 산 14-1,전라북도 전주시 완산구 견훤로 114-8
539,중동공원,35.8336739,127.0615388,,전라북도 전주시 덕진구 중동 787-11,전라북도 전주시 덕진구 오정2길 21
540,는들공원,35.8335421,127.0659617,,전라북도 전주시 덕진구 중동 808,전라북도 전주시 덕진구 월방1길 22-7
541,오공공원,35.8329444,127.0621134,,전라북도 전주시 덕진구 중동 832,전라북도 전주시 덕진구 오정2길 21
542,정문공원,35.832906,127.064593,,전라북도 전주시 덕진구 중동 832,전라북도 전주시 덕진구 오공로 70
543,다가공원,35.8142259,127.1378552,,전라북도 전주시 완산구 중화산동1가 150-3,전라북도 전주시 완산구 서완산동1가 빙고리3길 19
544,선너머공원,35.810008,127.126525,,전라북도 전주시 완산구 중화산동2가 547,전라북도 전주시 완산구 중화산동2가 따박골로 46
545,33호공원,35.8223775,127.1144353,,전라북도 전주시 완산구 중화산동2가 746-3,전라북도 전주시 완산구 중화산동2가 화산천변7길 15
546,효자공원,35.8114018,127.1205917,,전라북도 전주시 완산구 효자동1가 634,전라북도 전주시 완산구 효자동1가 신봉로 51
547,제15호공원,36.6015014,127.2886644,,세종특별자치시 조치원읍 침산리 279-9,세종특별자치시 조치원읍 문화6길 6
548,풀꽃 어린이공원(어1-2),36.50510126,127.2393741,,세종특별자치시 고운동 1724,세종특별자치시 마음안로 13
549,큰별꽃 어린이공원(어1-3),36.51857852,127.2322837,,세종특별자치시 고운동 1006,세종특별자치시 마음로 241
550,꽃다비 어린이공원(어1-4),36.51781212,127.2297092,,세종특별자치시 고운동 1059,세종특별자치시 고운북6길 59
551,솜꽃 어린이공원(어1-5),36.51627017,127.2273959,,세종특별자치시 고운동 898,세종특별자치시 마음안1로 53
552,함소꽃 어린이공원(어1-6),36.51845325,127.2373208,,세종특별자치시 고운동 1386,세종특별자치시 마음안1로 167
553,꽃누리 어린이공원(어1-7),36.51568321,127.2308416,,세종특별자치시 고운동 1366,세종특별자치시 마음로 208
554,대롱꽃 어린이공원(어1-8),36.50756042,127.2335055,,세종특별자치시 고운동 1665,세종특별자치시 고운서2길 52-10
555,섬초롱 어린이공원(어1-9),36.50711428,127.2312314,,세종특별자치시 고운동 1469,세종특별자치시 만남1북로 97
556,앵두꽃 어린이공원(어1-10),36.50170749,127.2348453,,세종특별자치시 고운동 1803,세종특별자치시 만남로3길 65
557,눈풀 어린이공원(어1-11),36.50057461,127.238994,,세종특별자치시 고운동 2034,세종특별자치시 만남로2길 26
558,옹달샘 어린이공원(어1-12),36.51929839,127.2488898,,세종특별자치시 아름동 1099,세종특별자치시 보듬7로 94
559,도램샘 어린이공원(어1-13),36.52071919,127.2537444,,세종특별자치시 아름동 1138,세종특별자치시 바른2길 12
560,꾸러기 어린이공원(어1-14),36.50264195,127.2416347,,세종특별자치시 종촌동 684,세종특별자치시 도움1로 164
561,푸른꿈 어린이공원(어1-15),36.51976587,127.2628516,,세종특별자치시 도담동 510,세종특별자치시 방축1길 16-13
562,방울새 어린이공원(어1-18),36.49606994,127.2689548,,세종특별자치시 어진동 642,세종특별자치시 다솜로 175
563,푸른하늘 어린이공원(어1-19),36.51049113,127.245986,,세종특별자치시 아름동 1345,세종특별자치시 달빛1로 125
564,나리꽃 어린이공원(어2-7),36.47575982,127.2515223,,세종특별자치시 한솔동 984,세종특별자치시 누리로 54
565,은방울꽃 어린이공원(어2-9),36.47877087,127.2560535,,세종특별자치시 한솔동 936,세종특별자치시 노을3로 70
566,참샘 어린이공원(어2-9),36.47948463,127.2593723,,세종특별자치시 한솔동 952,세종특별자치시 노을1로 27
567,초롱꽃 어린이공원(어2-10),36.4805051,127.2592061,,세종특별자치시 한솔동 942,세종특별자치시 노을3로 29
568,도담뜰 근린공원(근1-11),36.5146556,127.2623699,,세종특별자치시 도담동 649,세종특별자치시 보람로 71
569,두무뜰 근린공원(근1-12),36.50306272,127.2559281,,세종특별자치시 어진동 515,세종특별자치시 도움3로 47-9
570,푸른뜰 근린공원(근1-13),36.50809179,127.263915,,세종특별자치시 어진동 552,세종특별자치시 도움8로 11-20
571,새뜰 근린공원(근1-14),36.50333288,127.2675154,,세종특별자치시 어진동 627,세종특별자치시 도움6로 57
572,어진뜰 근린공원(근1-15),36.49963638,127.2601628,,세종특별자치시 어진동 584,세종특별자치시 한누리대로 402
573,맑은뜰 근린공원(근1-16),36.49697867,127.2590154,,세종특별자치시 어진동 496,세종특별자치시 가름로 170-17
574,봄뜰 근린공원(근1-17),36.49562841,127.2649085,,세종특별자치시 어진동 657,세종특별자치시 가름로 232
575,안뜰 근린공원(근1-18),36.49545414,127.2670865,,세종특별자치시 어진동 648,세종특별자치시 가름로 255-21
576,제천뜰 근린공원(근1-19),36.50244007,127.2486617,,세종특별자치시 종촌동 671,세종특별자치시 도움1로 100
577,한솔뜰 근린공원(근2-3),36.47967708,127.2570563,,세종특별자치시 한솔동 937,세종특별자치시 노을3로 60
578,아침뜰 근린공원(근2-4),36.48004706,127.2508889,,세종특별자치시 한솔동 1226,세종특별자치시 어울로3길 27
579,금남제2호공원,36.46361752,127.2783436,,세종특별자치시 금남면 용포리 318-1,세종특별자치시 금남면 용포2길 51
580,제1호공원,36.60291132,127.300119,,세종특별자치시 조치원읍 교리 22-26,세종특별자치시 조치원읍 조치원5길 34-20
581,제2호공원,36.5974661,127.3024716,,세종특별자치시 조치원읍 남리 490,세종특별자치시 조치원읍 새내4길 68
582,제3호공원,36.59492364,127.3001104,,세종특별자치시 조치원읍 남리 490,세종특별자치시 조치원읍 조치원4길 144-3
583,제4호공원,36.59641722,127.3010281,,세종특별자치시 조치원읍 남리 490,세종특별자치시 조치원읍 장안길 97-7
584,제5호공원,36.59446813,127.2948696,,세종특별자치시 조치원읍 죽림리 76-1,세종특별자치시 조치원읍 신흥고샅1길 11
585,제7호공원,36.59067563,127.2936125,,세종특별자치시 조치원읍 죽림리 171,세종특별자치시 조치원읍 다막골길 17
586,제9호공원,36.58571697,127.2945771,,세종특별자치시 조치원읍 번암리 90-7,세종특별자치시 조치원읍 군청로 11
587,제10호공원,36.59318084,127.2876813,,세종특별자치시 조치원읍 신흥리 171-15,세종특별자치시 조치원읍 이화로 22
588,제11호공원,36.59114323,127.2910754,,세종특별자치시 조치원읍 죽림리 396,세종특별자치시 조치원읍 세종로 2282
589,제12호공원,36.61534917,127.28606,,세종특별자치시 조치원읍 신안리 542,세종특별자치시 조치원읍 봉신길 149
590,제13호공원,36.6043707,127.2915945,,세종특별자치시 조치원읍 침산리 264-4,세종특별자치시 조치원읍 행복4길 16
591,제14호공원,36.60800366,127.2932401,,세종특별자치시 조치원읍 서창리 289-3,세종특별자치시 조치원읍 돌마루5길 27
592,솔숲 소공원(소1-2),36.50899459,127.2300403,,세종특별자치시 고운동 1443,세종특별자치시 만남1북로 73
593,마디꽃 수변공원(수1-1),36.49596224,127.2573155,,세종특별자치시 어진동 685,세종특별자치시 다솜로 38
594,?꽃 수변공원(수2-3),36.47313297,127.2544818,,세종특별자치시 한솔동 981,세종특별자치시 나리로 26-10
595,여울목 수변공원(수2-4),36.47624025,127.2594641,,세종특별자치시 한솔동 1251,세종특별자치시 나리로 82
596,백제고분 공원(역2-2),36.47964324,127.2543424,,세종특별자치시 한솔동 964-1,세종특별자치시 노을3로 93
597,어서각 공원(역1-2),36.51540014,127.2462159,,세종특별자치시 아름동 1282,세종특별자치시 달빛1로 206
598,초려 공원(역1-2),36.50306272,127.2559281,,세종특별자치시 어진동 515,세종특별자치시 도움3로 47-9
599,문화공원(문화1-1),36.50109974,127.26995,,세종특별자치시 어진동 618,세종특별자치시 다솜3로 66
600,누리빛 문화공원(문화1-2),36.51162422,127.2436229,,세종특별자치시 아름동 1335,세종특별자치시 보듬3로 143
601,문화공원(문화1-3),36.5143613,127.2551302,,세종특별자치시 도담동 688,세종특별자치시 다솜1로 183
602,호수공원(문화S-1),36.49881773,127.270076,,세종특별자치시 연기면 세종리 1201,세종특별자치시 연기면 다솜로 216
603,금남체육공원,36.4635113,127.2866705,,세종특별자치시 금남면 용포리 28,세종특별자치시 금남면 용포중앙1길 54
604,부강공원,36.52817882,127.3631938,,세종특별자치시 부강면 부강리 498-25,세종특별자치시 부강면 부강3길 20-4
605,침산공원(충령탑),36.59844026,127.2949071,,세종특별자치시 조치원읍 침산리 173-6,세종특별자치시 조치원읍 충령고샅길 8
606,수원지 공원,36.60725506,127.3000196,,세종특별자치시 조치원읍 평리 12,세종특별자치시 조치원읍 수원지1길 16
607,침산공원2,36.59982366,127.2878445,,세종특별자치시 조치원읍 침산리 225-2,세종특별자치시 조치원읍 문예회관길 22
608,가락뜰 근린공원(근1-2),36.51969092,127.2384857,,세종특별자치시 고운동 1384,세종특별자치시 만남로 227
609,뜸이기뜰 근린공원(근1-3),36.51392625,127.2334711,,세종특별자치시 고운동 1404,세종특별자치시 마음안로 136
610,솔뜰 근린공원(근1-5),36.51022868,127.2330759,,세종특별자치시 고운동 1415,세종특별자치시 마음안로 93
611,참뜰 근린공원(근1-6),36.50414455,127.2365002,,세종특별자치시 고운동 1711,세종특별자치시 만남로 45
612,오가낭뜰 근린공원(근1-7),36.52262227,127.2486816,,세종특별자치시 아름동 807,세종특별자치시 달빛1로 265
613,두루뜰 근린공원(근1-8),36.51898481,127.2471427,,세종특별자치시 아름동 870,세종특별자치시 바른6길 27
614,기쁨뜰 근린공원(근1-9),36.52125133,127.2626914,,세종특별자치시 도담동 423,세종특별자치시 방축1길 45
615,우람뜰 근린공원(근1-10),36.50758241,127.2527861,,세종특별자치시 도담동 403,세종특별자치시 절재로 107
616,푸름샘 소공원(소1-1),36.51611724,127.2337813,,세종특별자치시 고운동 1363,세종특별자치시 마음안로 161
617,꿈마을,37.49874328,126.7819726,,경기도 부천시 중동 1097-2,경기도 부천시 조마루로 343
618,배밭골,37.60812583,126.9986863,,서울특별시 성북구 정릉동 895,서울특별시 성북구 정릉로8길 73
619,29호 어린이공원(서정동),37.07130358,127.0483355,,경기도 평택시 서정동 570-61,경기도 평택시 서정로107번길 12-8
620,진위3일반산단1호 소공원(진위3일반산업단지),37.08922045,127.0949301,,경기도 평택시 진위면 마산리 336-1,경기도 평택시 진위면 마산3길 4-6
621,"수변공원 12호(고덕국제화지구,율포리)",37.04727044,127.0476412,,경기도 평택시 고덕면 여염리 4311-2,경기도 평택시 고덕면 고덕국제2로 50
622,"수변공원 13호(고덕국제화지구, 장당동)",37.04727044,127.0476412,,경기도 평택시 고덕면 여염리 4311-2,경기도 평택시 고덕면 고덕국제2로 50
623,"수변공원 14호(고덕국제화지구, 율포리)",37.04727044,127.0476412,,경기도 평택시 고덕면 여염리 4311-2,경기도 평택시 고덕면 고덕국제2로 50
624,"수변공원 15호(고덕국제화지구, 장당동)",37.04727044,127.0476412,,경기도 평택시 고덕면 여염리 4311-2,경기도 평택시 고덕면 고덕국제2로 50
625,"수변공원 6호(고덕국제화지구,여염리)",37.04727044,127.0476412,,경기도 평택시 고덕면 여염리 4311-2,경기도 평택시 고덕면 고덕국제2로 50
626,"수변공원 7호(고덕국제화지구,여염리)",37.04727044,127.0476412,,경기도 평택시 고덕면 여염리 4311-2,경기도 평택시 고덕면 고덕국제2로 50
627,"수변공원 9호(고덕국제화지구,여염리)",37.04727044,127.0476412,,경기도 평택시 고덕면 여염리 4311-2,경기도 평택시 고덕면 고덕국제2로 50
628,수촌1 수변공원(수촌지구),37.02029051,127.1137321,,경기도 평택시 칠원동 289-13,경기도 평택시 수촌길 46
629,상서재1호 소공원(동삭2지구),37.0194782,127.1073616,,경기도 평택시 칠원동 328,경기도 평택시 새말로104번길 83
630,상서재2호 소공원(동삭2지구),37.01947826,127.1073616,,경기도 평택시 칠원동 328,경기도 평택시 새말로104번길 83
631,상서재 근린공원(동삭2지구),37.0182486,127.1039663,,경기도 평택시 동삭동 856,경기도 평택시 상서재로6길 19
632,상서재서초 근린공원(동삭2지구),37.01824861,127.1039663,,경기도 평택시 동삭동 856,경기도 평택시 상서재로6길 19
633,밤골,37.47391921,126.9673647,,서울특별시 관악구 봉천동 1642-4,서울특별시 관악구 인헌3가길 8
634,약수암,37.4595118,126.9329775,,서울특별시 관악구 신림동 316-155,서울특별시 관악구 약수암길 33
635,난우,37.48040128,126.9139588,,서울특별시 관악구 신림동 1482-1,서울특별시 관악구 난곡로61길 1
636,신림근린공원,37.48088365,126.9182344,,서울특별시 관악구 신림동 1707,서울특별시 관악구 난곡로64길 54
637,문성,37.48201452,126.9028602,,서울특별시 관악구 신림동 1661-15,서울특별시 관악구 시흥대로164길 27
638,선봉,37.4851439,126.9396778,,서울특별시 관악구 봉천동 942-29,서울특별시 관악구 봉천로27길 20
639,중앙,37.4844458,126.9482776,,서울특별시 관악구 봉천동 890-1,서울특별시 관악구 봉천로41길 35
640,새싹,37.484451,126.9493777,,서울특별시 관악구 봉천동 1512-9,서울특별시 관악구 양녕로6다길 11-4
641,새빛,37.4863186,126.9151491,,서울특별시 관악구 신림동 501-30,서울특별시 관악구 신사로10길 29
642,보명,37.4758408,126.9256386,,서울특별시 관악구 신림동 610-288,서울특별시 관악구 법원단지길 158-11
643,일선,37.47782331,126.9495141,,서울특별시 관악구 봉천동 1587-7,서울특별시 관악구 쑥고개로26길 24
644,까치,37.4799237,126.9595066,,서울특별시 관악구 봉천동 1678-1,서울특별시 관악구 행운4길 2
645,원미,37.4978564,126.7978757,,경기도 부천시 원미동 15,경기도 부천시 소사로 456
646,국지,37.490053,126.9406057,,서울특별시 관악구 봉천동 635-429,서울특별시 관악구 국회단지19길 23
647,서원,37.4768152,126.9332369,,서울특별시 관악구 신림동 409-2,서울특별시 관악구 서원3길 10
648,사벽공원,34.765202,127.667957,,전라남도 여수시 학동 18-22,전라남도 여수시 학동8길 14-17
649,장도공원,34.743878,127.664376,,전라남도 여수시 웅천동 1902,전라남도 여수시 예울마루로 83-57
650,무선산공원,34.7805406,127.6424957,,전라남도 여수시 화장동 333-5,전라남도 여수시 조은길 79
651,선원공원,34.773771,127.651066,,전라남도 여수시 선원동 1240-1,전라남도 여수시 무선7길 31-5
652,화산공원,34.770757,127.643487,,전라남도 여수시 화장동 815-7,전라남도 여수시 화산4길 85-11
653,화장공원,34.772651,127.647584,,전라남도 여수시 화장동 735,전라남도 여수시 화산1길 20-4
654,연등공원,34.754711,127.727615,,전라남도 여수시 연등동 729-5,전라남도 여수시 연등6길 34
655,제일공원,34.732555,127.716041,,전라남도 여수시 국동 193-481,전라남도 여수시 국동6길 7
656,행복공원,34.733913,127.714443,,전라남도 여수시 국동 193-133,전라남도 여수시 국동15길 8-16
657,녹색공원,34.7338711,127.715514,,전라남도 여수시 국동 193-311,전라남도 여수시 국동10길 7
658,국화공원,34.734385,127.717231,,전라남도 여수시 국동 193-413,전라남도 여수시 국동7길 45
659,구봉공원,34.735713,127.716029,,전라남도 여수시 국동 193-20,전라남도 여수시 국동13길 85
660,들꽃공원,34.756705,127.717636,,전라남도 여수시 오림동 412,전라남도 여수시 좌수영로 249
661,왕심천공원,34.770061,127.697447,,전라남도 여수시 둔덕동 439-2,전라남도 여수시 둔덕7길 36-5
662,석교공원,34.768968,127.699928,,전라남도 여수시 둔덕동 496-1,전라남도 여수시 둔덕4길 9
663,호암공원,34.765458,127.705559,,전라남도 여수시 미평동 578-4,전라남도 여수시 미평남5길 20
664,고락공원,34.764384,127.703786,,전라남도 여수시 미평동 576-4,전라남도 여수시 미평남4길 9
665,소정공원,34.762249,127.706229,,전라남도 여수시 미평동 596,전라남도 여수시 미평남1길 8-7
666,건천공원,34.764515,127.667533,,전라남도 여수시 학동 25-1,전라남도 여수시 학동6길 18-8
667,여선공원,34.767045,127.652921,,전라남도 여수시 선원동 143-1,전라남도 여수시 선원2길 34-9
668,도원공원,34.764424,127.651681,,전라남도 여수시 선원동 1325-2,전라남도 여수시 선원4길 38
669,용성공원,34.773836,127.653634,,전라남도 여수시 선원동 1306,전라남도 여수시 무선4길 17-2
671,여문공원,34.752261,127.702704,,전라남도 여수시 여서동 210,전라남도 여수시 여문문화길 45
672,허문공원,34.749747,127.694715,,전라남도 여수시 문수동 873,전라남도 여수시 허문정1길 51-2
673,텃골공원,34.752455,127.708836,,전라남도 여수시 여서동 247,전라남도 여수시 여서동3길 19-9
674,여명공원,34.750382,127.708896,,전라남도 여수시 여서동 404,전라남도 여수시 여서동6길 21-8
675,차동공원,34.761199,127.633354,,전라남도 여수시 소라면 죽림리 1245,전라남도 여수시 소라면 덕양로 18
676,시구들공원,34.761199,127.633354,,전라남도 여수시 소라면 죽림리 1245,전라남도 여수시 소라면 덕양로 18
677,하금공원,34.761199,127.633354,,전라남도 여수시 소라면 죽림리 1245,전라남도 여수시 소라면 덕양로 18
678,신송공원,34.761199,127.633354,,전라남도 여수시 소라면 죽림리 1245,전라남도 여수시 소라면 덕양로 18
679,서교공원,34.742351,127.724604,,전라남도 여수시 서교동 966-1,전라남도 여수시 서교7길 36-2
680,민들레공원,34.731309,127.729841,,전라남도 여수시 남산동 107-1,전라남도 여수시 대교로 94
681,삼거리공원,34.744311,127.746375,,전라남도 여수시 수정동 693-1,전라남도 여수시 오동도로 38
682,수정공원,34.742854,127.747824,,전라남도 여수시 수정동 525,전라남도 여수시 수정5길 32-1
683,조산들공원,34.761199,127.633354,,전라남도 여수시 소라면 죽림리 1245,전라남도 여수시 소라면 덕양로 18
684,관기공원,34.744131,127.624352,,전라남도 여수시 소라면 관기리 578,전라남도 여수시 소라면 꽃재길 36-23
685,종포해양공원,34.738181,127.744676,,전라남도 여수시 종화동 526-7,전라남도 여수시 이순신광장로 192
686,순교지공원,34.768493,127.695675,,전라남도 여수시 둔덕동 476-3,전라남도 여수시 쌍봉로 372
687,구름질공원,34.755238,127.637551,,전라남도 여수시 소라면 죽림리 129-2,전라남도 여수시 소라면 안심산길 60-30
688,오리박골공원,34.752221,127.625524,,전라남도 여수시 소라면 관기리 340,전라남도 여수시 소라면 화양로 1953
689,사랑댕이공원,34.748961,127.625501,,전라남도 여수시 소라면 관기리 436-1,전라남도 여수시 소라면 관기길 29
690,상관공원,34.749381,127.630867,,전라남도 여수시 소라면 관기리 262,전라남도 여수시 소라면 상관길 42-1
691,귀인쉼터공원,34.766763,127.708872,,전라남도 여수시 미평동 466,전라남도 여수시 미평2길 22-11
692,하관공원,34.751509,127.620592,,전라남도 여수시 소라면 관기리 산 12-9,전라남도 여수시 소라면 관기길 82-1
693,성본공원,34.744861,127.621746,,전라남도 여수시 소라면 관기리 983-10,전라남도 여수시 소라면 꽃재길 36-7
694,남산공원,34.731935,127.730017,,전라남도 여수시 남산동 산 11,전라남도 여수시 남산로 21-2
695,망마공원,34.760441,127.673812,,전라남도 여수시 신기동 73-8,전라남도 여수시 시전6길 16
696,이순신공원,34.744341,127.679723,,전라남도 여수시 웅천동 1865-1,전라남도 여수시 웅천남1로 99
697,안산공원,34.758922,127.659001,,전라남도 여수시 학동 산 9,전라남도 여수시 시청서4길 36
698,용기공원,34.759675,127.662005,,전라남도 여수시 학동 316,전라남도 여수시 시청서1길 18
699,두력공원,34.738034,127.672341,,전라남도 여수시 웅천동 산 268-1,
700,가덕공원,34.741017,127.657798,,전라남도 여수시 소호동 산 161,
701,주공공원,34.765323,127.676103,,전라남도 여수시 신기동 4,전라남도 여수시 쌍봉로 179
702,들몰공원,34.765144,127.679023,,전라남도 여수시 신기동 5,전라남도 여수시 쌍봉로 215
703,기전공원,34.763401,127.679249,,전라남도 여수시 신기동 7,전라남도 여수시 신기북7길 55
704,월하공원,34.756338,127.673157,,전라남도 여수시 신기동 132,전라남도 여수시 시전2길 19-10
705,신화공원,34.755803,127.667616,,전라남도 여수시 신기동 141,전라남도 여수시 선소로 72-28
706,안산공원,34.759361,127.656307,,전라남도 여수시 학동 114,전라남도 여수시 시청서2길 2
707,대초공원,34.884164,127.572005,,전라남도 여수시 율촌면 월산리 산 50-6,전라남도 여수시 율촌면 여순로 1022-40
708,민드래미공원,34.765846,127.689579,,전라남도 여수시 둔덕동 649,전라남도 여수시 쌍봉로 318-1
709,녹지원공원,34.766679,127.691027,,전라남도 여수시 둔덕동 657,전라남도 여수시 쌍봉로 316
710,가장공원,34.849293,127.556763,,전라남도 여수시 율촌면 가장리 2002-1,전라남도 여수시 율촌면 서부로 1474
711,동동공원,34.752671,127.656241,,전라남도 여수시 안산동 735,전라남도 여수시 장성3길 16
712,장성공원,34.755179,127.654279,,전라남도 여수시 안산동 717-6,전라남도 여수시 장성4길 20-2
713,선사유적공원,34.778642,127.646251,,전라남도 여수시 화장동 945-1,전라남도 여수시 대통1길 66
714,중흥공원,34.837036,127.693611,,전라남도 여수시 중흥동 1696-2,전라남도 여수시 진달래길 10
715,평여2공원(망향공원),34.810998,127.670953,,전라남도 여수시 평여동 988-1,전라남도 여수시 여수산단로 321
716,신촌공원,34.824488,127.687231,,전라남도 여수시 중흥동 1797,전라남도 여수시 중흥1로 54
717,삼일공원,34.827492,127.687594,,전라남도 여수시 중흥동 1796,전라남도 여수시 중흥3로 18
718,청소년문화공원,34.747125,127.684033,,전라남도 여수시 웅천동 1826,전라남도 여수시 황산1길 5-27
719,암골못공원,34.750019,127.686967,,전라남도 여수시 웅천동 1816-1,전라남도 여수시 황정길 15
720,웅천못공원,34.748294,127.689199,,전라남도 여수시 웅천동 1836,전라남도 여수시 회양가산길 47
721,해변공원,34.747139,127.667556,,,전라남도 여수시 웅천중앙로 8
722,자당공원,34.742042,127.684722,,전라남도 여수시 웅천동 1849,전라남도 여수시 신월로 195
723,죽림근린공원,34.761199,127.633354,,전라남도 여수시 소라면 죽림리 1245,전라남도 여수시 소라면 덕양로 18
724,상금천공원,34.761199,127.633354,,전라남도 여수시 소라면 죽림리 1245,전라남도 여수시 소라면 덕양로 18
725,오복공원,34.709529,127.722047,,전라남도 여수시 경호동 994,전라남도 여수시 대경도5길 24
726,대경도공원,34.707635,127.722798,,전라남도 여수시 경호동 999,전라남도 여수시 대경도5길 25-24
727,성산공원,34.774538,127.645884,,전라남도 여수시 화장동 949,전라남도 여수시 화산로 76-1
728,이순신장군공원,34.738802,127.736243,,전라남도 여수시 중앙동 385-6,전라남도 여수시 이순신광장로 93
729,부등공원,34.758787,127.656692,,전라남도 여수시 학동 219,전라남도 여수시 시청서3길 7-4
730,약수공원,34.766443,127.655366,,전라남도 여수시 선원동 150-20,전라남도 여수시 선원3길 6-21
731,연화공원,34.758792,127.660589,,전라남도 여수시 학동 210-1,전라남도 여수시 시청서4길 48-3
732,대통공원,34.776155,127.643663,,전라남도 여수시 화장동 851,전라남도 여수시 대통2길 63-6
733,효성공원,34.774437,127.639177,,전라남도 여수시 화장동 872-1,전라남도 여수시 대통2길 17-6
734,신풍공원,34.772256,127.640227,,전라남도 여수시 화장동 888-6,전라남도 여수시 성산6길 19-2
735,입덕공원,34.773197,127.642106,,전라남도 여수시 화장동 765-4,전라남도 여수시 성산6길 37-6
736,두암공원,34.769553,127.641811,,전라남도 여수시 화장동 894-78,전라남도 여수시 화산4길 45
737,원죽공원,34.756653,127.633799,,전라남도 여수시 소라면 죽림리 770-5,전라남도 여수시 소라면 원죽길 62-28
738,삼정공원,34.756327,127.637301,,전라남도 여수시 소라면 죽림리 168,전라남도 여수시 소라면 안심산길 60-26
739,산들공원,34.760296,127.639661,,전라남도 여수시 소라면 죽림리 1248,전라남도 여수시 소라면 죽림로 3
740,천수골공원,34.757338,127.628985,,전라남도 여수시 소라면 죽림리 751-30,전라남도 여수시 소라면 화양로 2004-1
741,적량공원,34.842412,127.719353,,전라남도 여수시 월내동 산 20,전라남도 여수시 진달래길 228
742,상하금공원,34.765307,127.631634,,전라남도 여수시 소라면 죽림리 산 13-7,전라남도 여수시 소라면 죽림중앙로 29-35
743,한려공원,34.741791,127.753686,,전라남도 여수시 수정동 782,전라남도 여수시 오동도로 116
744,엑스포공원,34.741791,127.753686,,전라남도 여수시 수정동 782,전라남도 여수시 오동도로 116
745,신항공원,34.741791,127.753686,,전라남도 여수시 수정동 782,전라남도 여수시 오동도로 116
746,웅천친수공원,34.747125,127.684033,,전라남도 여수시 웅천동 1826,전라남도 여수시 황산1길 5-27
747,경도3공원,34.704122,127.728321,,전라남도 여수시 경호동 1005,
748,내동공원,34.704122,127.728321,,전라남도 여수시 경호동 1005,
749,외동공원,34.704122,127.728321,,전라남도 여수시 경호동 1005,
750,꽃가람공원,34.753741,127.743609,,전라남도 여수시 덕충동 2076,전라남도 여수시 박람회길 56
751,하늘길공원,34.751094,127.740904,,전라남도 여수시 덕충동 2086,전라남도 여수시 덕충1길 19-14
752,늘품공원,34.752941,127.742549,,전라남도 여수시 덕충동 2039,전라남도 여수시 박람회길 46
753,초록아침공원,34.756211,127.746833,,전라남도 여수시 덕충동 2061,전라남도 여수시 외밭넘2길 16-1
754,손양원목사 유적공원,34.839231,127.633588,,전라남도 여수시 율촌면 신풍리 13-57,전라남도 여수시 율촌면 산돌길 108-35
755,율촌 조화공원,34.882473,127.579947,,전라남도 여수시 율촌면 조화리 58-21,전라남도 여수시 율촌면 당머리길 2
756,대포공원,34.817102,127.623068,,전라남도 여수시 소라면 대포리 15-2,전라남도 여수시 소라면 여순로 120
757,선원 뜨레공원,34.770831,127.655264,,전라남도 여수시 선원동 849-2,전라남도 여수시 무선로 111
758,만흥공원,34.770469,127.729741,,전라남도 여수시 만흥동 산 206-4,전라남도 여수시 만성로 318-29
759,미평공원,34.766156,127.705916,,전라남도 여수시 미평동 400-2,전라남도 여수시 미평남5길 15
760,오림터널공원,34.766466,127.723196,,전라남도 여수시 만흥동 산 190-5,
761,장도공원,34.889902,127.599811,,전라남도 여수시 율촌면 여동리 390,전라남도 여수시 율촌면 율촌산단2로 203-91
762,소공원,34.883499,127.694626,,전라남도 여수시 묘도동 산 150-7,
763,세종공원,34.755149,127.696008,,전라남도 여수시 문수동 459-5,전라남도 여수시 문수7길 3
764,원앙공원,34.756925,127.701997,,전라남도 여수시 문수동 310-2,전라남도 여수시 여문1로 89
765,흥화뒤뜰공원,34.751775,127.697391,,전라남도 여수시 문수동 675-2,전라남도 여수시 허문정1길 18
766,흥화공원,34.750929,127.698574,,전라남도 여수시 문수동 675-3,전라남도 여수시 허문정1길 9
767,현대공원,34.748136,127.695341,,전라남도 여수시 여서동 489-2,전라남도 여수시 여서로 118-6
768,대치공원,34.746547,127.698965,,전라남도 여수시 여서동 489-3,전라남도 여수시 대치3길 20
769,여서공원,34.747647,127.703865,,전라남도 여수시 여서동 496-2,전라남도 여수시 여서로 208
770,거북선공원,34.761328,127.666804,,전라남도 여수시 학동 162,전라남도 여수시 거북선공원2길 11
771,백초공원,34.724996,127.746959,,전라남도 여수시 돌산읍 우두리 1004-1,전라남도 여수시 돌산읍 강남4길 5-9
772,진두공원,34.722828,127.749277,,전라남도 여수시 돌산읍 우두리 1017,전라남도 여수시 돌산읍 강남6길 23-15
773,상포공원,34.720356,127.754561,,전라남도 여수시 돌산읍 우두리 1077,전라남도 여수시 돌산읍 강남3길 13-1
774,동백공원,34.717332,127.754061,,전라남도 여수시 돌산읍 우두리 1107,전라남도 여수시 돌산읍 강남3길 49-7
775,청솔공원,34.718251,127.756858,,전라남도 여수시 돌산읍 우두리 1133-2,전라남도 여수시 돌산읍 강남동로 46-18
776,진모공원,34.715264,127.757061,,전라남도 여수시 돌산읍 우두리 1131,전라남도 여수시 돌산읍 강남해안로 189
777,양지공원,34.771326,127.703318,,전라남도 여수시 미평동 723,전라남도 여수시 양지2길 16-4
778,둥둥재공원,34.754911,127.693117,,전라남도 여수시 문수동 453,전라남도 여수시 여문2로 73
779,코아루공원,34.753622,127.694861,,전라남도 여수시 문수동 473-1,전라남도 여수시 문수8길 14-1
780,심곡공원,34.758292,127.646462,,전라남도 여수시 안산동 459,전라남도 여수시 안산5길 25-5
781,고인돌공원,34.768967,127.704392,,전라남도 여수시 미평동 671,전라남도 여수시 미평3길 42
782,하금공원,34.761316,127.631161,,전라남도 여수시 소라면 죽림리 648-1,전라남도 여수시 소라면 원죽길 2
783,원죽림공원,34.755678,127.630437,,전라남도 여수시 소라면 죽림리 산 116,전라남도 여수시 소라면 화양로 2004-1
784,신송공원,34.758474,127.636759,,전라남도 여수시 소라면 죽림리 233,전라남도 여수시 소라면 원죽길 61-3
785,개나리공원,34.760158,127.636874,,전라남도 여수시 소라면 죽림리 257,전라남도 여수시 소라면 도원로 46
786,고사리공원,34.758433,127.630531,,전라남도 여수시 소라면 죽림리 743-1,전라남도 여수시 소라면 원죽길 14-5
787,강산골공원,34.758372,127.633286,,전라남도 여수시 소라면 죽림리 696,전라남도 여수시 소라면 원죽길 38
788,약수공원,34.766443,127.655366,,전라남도 여수시 선원동 150-20,전라남도 여수시 선원3길 6-21
789,연화공원,34.758792,127.660589,,전라남도 여수시 학동 210-1,전라남도 여수시 시청서4길 48-3
790,대통공원,34.776155,127.643663,,전라남도 여수시 화장동 851,전라남도 여수시 대통2길 63-6
791,효성공원,34.774437,127.639177,,전라남도 여수시 화장동 872-1,전라남도 여수시 대통2길 17-6
792,신풍공원,34.772256,127.640227,,전라남도 여수시 화장동 888-6,전라남도 여수시 성산6길 19-2
793,입덕공원,34.773197,127.642106,,전라남도 여수시 화장동 765-4,전라남도 여수시 성산6길 37-6
794,두암공원,34.769553,127.641811,,전라남도 여수시 화장동 894-78,전라남도 여수시 화산4길 45
795,늘품공원,34.752941,127.742549,,전라남도 여수시 덕충동 2039,전라남도 여수시 박람회길 46
796,초록아침공원,34.756211,127.746833,,전라남도 여수시 덕충동 2061,전라남도 여수시 외밭넘2길 16-1
797,손양원목사 유적공원,34.839231,127.633588,,전라남도 여수시 율촌면 신풍리 13-57,전라남도 여수시 율촌면 산돌길 108-35
798,율촌 조화공원,34.882473,127.579947,,전라남도 여수시 율촌면 조화리 58-21,전라남도 여수시 율촌면 당머리길 2
799,대포공원,34.817102,127.623068,,전라남도 여수시 소라면 대포리 15-2,전라남도 여수시 소라면 여순로 120
800,선원 뜨레공원,34.770831,127.655264,,전라남도 여수시 선원동 849-2,전라남도 여수시 무선로 111
801,만흥공원,34.770469,127.729741,,전라남도 여수시 만흥동 산 206-4,전라남도 여수시 만성로 318-29
802,미평공원,34.766156,127.705916,,전라남도 여수시 미평동 400-2,전라남도 여수시 미평남5길 15
803,오림터널공원,34.766466,127.723196,,전라남도 여수시 만흥동 산 190-5,
804,장도공원,34.889902,127.599811,,전라남도 여수시 율촌면 여동리 390,전라남도 여수시 율촌면 율촌산단2로 203-91
805,소공원,34.883499,127.694626,,전라남도 여수시 묘도동 산 150-7,
806,이순신장군공원,34.738802,127.736243,,전라남도 여수시 중앙동 385-6,전라남도 여수시 이순신광장로 93
807,부등공원,34.758787,127.656692,,전라남도 여수시 학동 219,전라남도 여수시 시청서3길 7-4
808,하늘길공원,34.751094,127.740904,,전라남도 여수시 덕충동 2086,전라남도 여수시 덕충1길 19-14
809,매화,37.60011962,127.0207412,,서울특별시 성북구 돈암동 45-4,서울특별시 성북구 북악산로15길 42
810,한려공원,34.741791,127.753686,,전라남도 여수시 수정동 782,전라남도 여수시 오동도로 116
811,엑스포공원,34.741791,127.753686,,전라남도 여수시 수정동 782,전라남도 여수시 오동도로 116
812,신항공원,34.741791,127.753686,,전라남도 여수시 수정동 782,전라남도 여수시 오동도로 116
813,웅천친수공원,34.747125,127.684033,,전라남도 여수시 웅천동 1826,전라남도 여수시 황산1길 5-27
814,경도3공원,34.704122,127.728321,,전라남도 여수시 경호동 1005,
815,내동공원,34.704122,127.728321,,전라남도 여수시 경호동 1005,
816,외동공원,34.704122,127.728321,,전라남도 여수시 경호동 1005,
817,꽃가람공원,34.753741,127.743609,,전라남도 여수시 덕충동 2076,전라남도 여수시 박람회길 56
818,백초공원,34.724996,127.746959,,전라남도 여수시 돌산읍 우두리 1004-1,전라남도 여수시 돌산읍 강남4길 5-9
819,진두공원,34.722828,127.749277,,전라남도 여수시 돌산읍 우두리 1017,전라남도 여수시 돌산읍 강남6길 23-15
820,상포공원,34.720356,127.754561,,전라남도 여수시 돌산읍 우두리 1077,전라남도 여수시 돌산읍 강남3길 13-1
821,동백공원,34.717332,127.754061,,전라남도 여수시 돌산읍 우두리 1107,전라남도 여수시 돌산읍 강남3길 49-7
822,청솔공원,34.718251,127.756858,,전라남도 여수시 돌산읍 우두리 1133-2,전라남도 여수시 돌산읍 강남동로 46-18
823,진모공원,34.715264,127.757061,,전라남도 여수시 돌산읍 우두리 1131,전라남도 여수시 돌산읍 강남해안로 189
824,양지공원,34.771326,127.703318,,전라남도 여수시 미평동 723,전라남도 여수시 양지2길 16-4
825,둥둥재공원,34.754911,127.693117,,전라남도 여수시 문수동 453,전라남도 여수시 여문2로 73
826,코아루공원,34.753622,127.694861,,전라남도 여수시 문수동 473-1,전라남도 여수시 문수8길 14-1
827,심곡공원,34.758292,127.646462,,전라남도 여수시 안산동 459,전라남도 여수시 안산5길 25-5
828,고인돌공원,34.768967,127.704392,,전라남도 여수시 미평동 671,전라남도 여수시 미평3길 42
829,하금공원,34.761316,127.631161,,전라남도 여수시 소라면 죽림리 648-1,전라남도 여수시 소라면 원죽길 2
830,원죽림공원,34.755678,127.630437,,전라남도 여수시 소라면 죽림리 산 116,전라남도 여수시 소라면 화양로 2004-1
831,신송공원,34.758474,127.636759,,전라남도 여수시 소라면 죽림리 233,전라남도 여수시 소라면 원죽길 61-3
832,개나리공원,34.760158,127.636874,,전라남도 여수시 소라면 죽림리 257,전라남도 여수시 소라면 도원로 46
833,고사리공원,34.758433,127.630531,,전라남도 여수시 소라면 죽림리 743-1,전라남도 여수시 소라면 원죽길 14-5
834,강산골공원,34.758372,127.633286,,전라남도 여수시 소라면 죽림리 696,전라남도 여수시 소라면 원죽길 38
835,원죽공원,34.756653,127.633799,,전라남도 여수시 소라면 죽림리 770-5,전라남도 여수시 소라면 원죽길 62-28
836,삼정공원,34.756327,127.637301,,전라남도 여수시 소라면 죽림리 168,전라남도 여수시 소라면 안심산길 60-26
837,산들공원,34.760296,127.639661,,전라남도 여수시 소라면 죽림리 1248,전라남도 여수시 소라면 죽림로 3
838,천수골공원,34.757338,127.628985,,전라남도 여수시 소라면 죽림리 751-30,전라남도 여수시 소라면 화양로 2004-1
839,적량공원,34.842412,127.719353,,전라남도 여수시 월내동 산 20,전라남도 여수시 진달래길 228
840,상하금공원,34.765307,127.631634,,전라남도 여수시 소라면 죽림리 산 13-7,전라남도 여수시 소라면 죽림중앙로 29-35
841,거북선공원,34.761328,127.666804,,전라남도 여수시 학동 162,전라남도 여수시 거북선공원2길 11
842,제일공원,34.732555,127.716041,,전라남도 여수시 국동 193-481,전라남도 여수시 국동6길 7
843,행복공원,34.733913,127.714443,,전라남도 여수시 국동 193-133,전라남도 여수시 국동15길 8-16
844,녹색공원,34.7338711,127.715514,,전라남도 여수시 국동 193-311,전라남도 여수시 국동10길 7
845,국화공원,34.734385,127.717231,,전라남도 여수시 국동 193-413,전라남도 여수시 국동7길 45
846,구봉공원,34.735713,127.716029,,전라남도 여수시 국동 193-20,전라남도 여수시 국동13길 85
847,들꽃공원,34.756705,127.717636,,전라남도 여수시 오림동 412,전라남도 여수시 좌수영로 249
848,왕심천공원,34.770061,127.697447,,전라남도 여수시 둔덕동 439-2,전라남도 여수시 둔덕7길 36-5
849,석교공원,34.768968,127.699928,,전라남도 여수시 둔덕동 496-1,전라남도 여수시 둔덕4길 9
850,호암공원,34.765458,127.705559,,전라남도 여수시 미평동 578-4,전라남도 여수시 미평남5길 20
851,고락공원,34.764384,127.703786,,전라남도 여수시 미평동 576-4,전라남도 여수시 미평남4길 9
852,소정공원,34.762249,127.706229,,전라남도 여수시 미평동 596,전라남도 여수시 미평남1길 8-7
853,사벽공원,34.765202,127.667957,,전라남도 여수시 학동 18-22,전라남도 여수시 학동8길 14-17
854,건천공원,34.764515,127.667533,,전라남도 여수시 학동 25-1,전라남도 여수시 학동6길 18-8
855,여선공원,34.767045,127.652921,,전라남도 여수시 선원동 143-1,전라남도 여수시 선원2길 34-9
856,도원공원,34.764424,127.651681,,전라남도 여수시 선원동 1325-2,전라남도 여수시 선원4길 38
857,용성공원,34.773836,127.653634,,전라남도 여수시 선원동 1306,전라남도 여수시 무선4길 17-2
859,여문공원,34.752261,127.702704,,전라남도 여수시 여서동 210,전라남도 여수시 여문문화길 45
860,허문공원,34.749747,127.694715,,전라남도 여수시 문수동 873,전라남도 여수시 허문정1길 51-2
861,텃골공원,34.752455,127.708836,,전라남도 여수시 여서동 247,전라남도 여수시 여서동3길 19-9
862,여명공원,34.750382,127.708896,,전라남도 여수시 여서동 404,전라남도 여수시 여서동6길 21-8
863,세종공원,34.755149,127.696008,,전라남도 여수시 문수동 459-5,전라남도 여수시 문수7길 3
864,원앙공원,34.756925,127.701997,,전라남도 여수시 문수동 310-2,전라남도 여수시 여문1로 89
865,흥화뒤뜰공원,34.751775,127.697391,,전라남도 여수시 문수동 675-2,전라남도 여수시 허문정1길 18
866,흥화공원,34.750929,127.698574,,전라남도 여수시 문수동 675-3,전라남도 여수시 허문정1길 9
867,현대공원,34.748136,127.695341,,전라남도 여수시 여서동 489-2,전라남도 여수시 여서로 118-6
868,대치공원,34.746547,127.698965,,전라남도 여수시 여서동 489-3,전라남도 여수시 대치3길 20
869,여서공원,34.747647,127.703865,,전라남도 여수시 여서동 496-2,전라남도 여수시 여서로 208
870,수정공원,34.742854,127.747824,,전라남도 여수시 수정동 525,전라남도 여수시 수정5길 32-1
871,조산들공원,34.761199,127.633354,,전라남도 여수시 소라면 죽림리 1245,전라남도 여수시 소라면 덕양로 18
872,관기공원,34.744131,127.624352,,전라남도 여수시 소라면 관기리 578,전라남도 여수시 소라면 꽃재길 36-23
873,종포해양공원,34.738181,127.744676,,전라남도 여수시 종화동 526-7,전라남도 여수시 이순신광장로 192
874,순교지공원,34.768493,127.695675,,전라남도 여수시 둔덕동 476-3,전라남도 여수시 쌍봉로 372
875,구름질공원,34.755238,127.637551,,전라남도 여수시 소라면 죽림리 129-2,전라남도 여수시 소라면 안심산길 60-30
876,오리박골공원,34.752221,127.625524,,전라남도 여수시 소라면 관기리 340,전라남도 여수시 소라면 화양로 1953
877,사랑댕이공원,34.748961,127.625501,,전라남도 여수시 소라면 관기리 436-1,전라남도 여수시 소라면 관기길 29
878,상관공원,34.749381,127.630867,,전라남도 여수시 소라면 관기리 262,전라남도 여수시 소라면 상관길 42-1
879,귀인쉼터공원,34.766763,127.708872,,전라남도 여수시 미평동 466,전라남도 여수시 미평2길 22-11
880,하관공원,34.751509,127.620592,,전라남도 여수시 소라면 관기리 산 12-9,전라남도 여수시 소라면 관기길 82-1
881,성본공원,34.744861,127.621746,,전라남도 여수시 소라면 관기리 983-10,전라남도 여수시 소라면 꽃재길 36-7
882,남산공원,34.731935,127.730017,,전라남도 여수시 남산동 산 11,전라남도 여수시 남산로 21-2
883,망마공원,34.760441,127.673812,,전라남도 여수시 신기동 73-8,전라남도 여수시 시전6길 16
884,이순신공원,34.744341,127.679723,,전라남도 여수시 웅천동 1865-1,전라남도 여수시 웅천남1로 99
885,안산공원,34.758922,127.659001,,전라남도 여수시 학동 산 9,전라남도 여수시 시청서4길 36
886,용기공원,34.759675,127.662005,,전라남도 여수시 학동 316,전라남도 여수시 시청서1길 18
887,두력공원,34.738034,127.672341,,전라남도 여수시 웅천동 산 268-1,
888,가덕공원,34.741017,127.657798,,전라남도 여수시 소호동 산 161,
889,장도공원,34.743878,127.664376,,전라남도 여수시 웅천동 1902,전라남도 여수시 예울마루로 83-57
890,무선산공원,34.7805406,127.6424957,,전라남도 여수시 화장동 333-5,전라남도 여수시 조은길 79
891,선원공원,34.773771,127.651066,,전라남도 여수시 선원동 1240-1,전라남도 여수시 무선7길 31-5
892,화산공원,34.770757,127.643487,,전라남도 여수시 화장동 815-7,전라남도 여수시 화산4길 85-11
893,화장공원,34.772651,127.647584,,전라남도 여수시 화장동 735,전라남도 여수시 화산1길 20-4
894,연등공원,34.754711,127.727615,,전라남도 여수시 연등동 729-5,전라남도 여수시 연등6길 34
895,신화공원,34.755803,127.667616,,전라남도 여수시 신기동 141,전라남도 여수시 선소로 72-28
896,안산공원,34.759361,127.656307,,전라남도 여수시 학동 114,전라남도 여수시 시청서2길 2
897,대초공원,34.884164,127.572005,,전라남도 여수시 율촌면 월산리 산 50-6,전라남도 여수시 율촌면 여순로 1022-40
898,민드래미공원,34.765846,127.689579,,전라남도 여수시 둔덕동 649,전라남도 여수시 쌍봉로 318-1
899,녹지원공원,34.766679,127.691027,,전라남도 여수시 둔덕동 657,전라남도 여수시 쌍봉로 316
900,가장공원,34.849293,127.556763,,전라남도 여수시 율촌면 가장리 2002-1,전라남도 여수시 율촌면 서부로 1474
901,동동공원,34.752671,127.656241,,전라남도 여수시 안산동 735,전라남도 여수시 장성3길 16
902,장성공원,34.755179,127.654279,,전라남도 여수시 안산동 717-6,전라남도 여수시 장성4길 20-2
903,선사유적공원,34.778642,127.646251,,전라남도 여수시 화장동 945-1,전라남도 여수시 대통1길 66
904,중흥공원,34.837036,127.693611,,전라남도 여수시 중흥동 1696-2,전라남도 여수시 진달래길 10
905,평여2공원(망향공원),34.810998,127.670953,,전라남도 여수시 평여동 988-1,전라남도 여수시 여수산단로 321
906,신촌공원,34.824488,127.687231,,전라남도 여수시 중흥동 1797,전라남도 여수시 중흥1로 54
907,삼일공원,34.827492,127.687594,,전라남도 여수시 중흥동 1796,전라남도 여수시 중흥3로 18
908,청소년문화공원,34.747125,127.684033,,전라남도 여수시 웅천동 1826,전라남도 여수시 황산1길 5-27
909,암골못공원,34.750019,127.686967,,전라남도 여수시 웅천동 1816-1,전라남도 여수시 황정길 15
910,웅천못공원,34.748294,127.689199,,전라남도 여수시 웅천동 1836,전라남도 여수시 회양가산길 47
911,해변공원,34.747139,127.667556,,,전라남도 여수시 웅천중앙로 8
912,자당공원,34.742042,127.684722,,전라남도 여수시 웅천동 1849,전라남도 여수시 신월로 195
913,죽림근린공원,34.761199,127.633354,,전라남도 여수시 소라면 죽림리 1245,전라남도 여수시 소라면 덕양로 18
914,상금천공원,34.761199,127.633354,,전라남도 여수시 소라면 죽림리 1245,전라남도 여수시 소라면 덕양로 18
915,차동공원,34.761199,127.633354,,전라남도 여수시 소라면 죽림리 1245,전라남도 여수시 소라면 덕양로 18
916,시구들공원,34.761199,127.633354,,전라남도 여수시 소라면 죽림리 1245,전라남도 여수시 소라면 덕양로 18
917,하금공원,34.761199,127.633354,,전라남도 여수시 소라면 죽림리 1245,전라남도 여수시 소라면 덕양로 18
918,신송공원,34.761199,127.633354,,전라남도 여수시 소라면 죽림리 1245,전라남도 여수시 소라면 덕양로 18
919,서교공원,34.742351,127.724604,,전라남도 여수시 서교동 966-1,전라남도 여수시 서교7길 36-2
920,민들레공원,34.731309,127.729841,,전라남도 여수시 남산동 107-1,전라남도 여수시 대교로 94
921,삼거리공원,34.744311,127.746375,,전라남도 여수시 수정동 693-1,전라남도 여수시 오동도로 38
922,오복공원,34.709529,127.722047,,전라남도 여수시 경호동 994,전라남도 여수시 대경도5길 24
923,대경도공원,34.707635,127.722798,,전라남도 여수시 경호동 999,전라남도 여수시 대경도5길 25-24
924,성산공원,34.774538,127.645884,,전라남도 여수시 화장동 949,전라남도 여수시 화산로 76-1
925,주공공원,34.765323,127.676103,,전라남도 여수시 신기동 4,전라남도 여수시 쌍봉로 179
926,들몰공원,34.765144,127.679023,,전라남도 여수시 신기동 5,전라남도 여수시 쌍봉로 215
927,기전공원,34.763401,127.679249,,전라남도 여수시 신기동 7,전라남도 여수시 신기북7길 55
928,월하공원,34.756338,127.673157,,전라남도 여수시 신기동 132,전라남도 여수시 시전2길 19-10
